Starting rebuild at 27-08-2026 17:03:08.73 
To honour the JVM settings for this build a single-use Daemon process will be forked. For more on this, please refer to https://docs.gradle.org/8.14.3/userguide/gradle_daemon.html#sec:disabling_the_daemon in the Gradle documentation.
Daemon will be stopped at the end of the build 
> Task :gradle-plugin:shared:checkKotlinGradlePluginConfigurationErrors SKIPPED
> Task :expo-gradle-plugin:expo-autolinking-plugin-shared:checkKotlinGradlePluginConfigurationErrors SKIPPED
> Task :gradle-plugin:settings-plugin:checkKotlinGradlePluginConfigurationErrors SKIPPED
> Task :expo-gradle-plugin:expo-autolinking-settings-plugin:checkKotlinGradlePluginConfigurationErrors SKIPPED
> Task :gradle-plugin:settings-plugin:pluginDescriptors UP-TO-DATE
> Task :expo-gradle-plugin:expo-autolinking-settings-plugin:pluginDescriptors UP-TO-DATE
> Task :gradle-plugin:settings-plugin:processResources UP-TO-DATE
> Task :expo-gradle-plugin:expo-autolinking-settings-plugin:processResources UP-TO-DATE
> Task :expo-gradle-plugin:expo-autolinking-plugin-shared:compileKotlin UP-TO-DATE
> Task :gradle-plugin:shared:compileKotlin UP-TO-DATE
> Task :gradle-plugin:shared:compileJava NO-SOURCE
> Task :expo-gradle-plugin:expo-autolinking-plugin-shared:compileJava NO-SOURCE
> Task :gradle-plugin:shared:processResources NO-SOURCE
> Task :gradle-plugin:shared:classes UP-TO-DATE
> Task :expo-gradle-plugin:expo-autolinking-plugin-shared:processResources NO-SOURCE
> Task :expo-gradle-plugin:expo-autolinking-plugin-shared:classes UP-TO-DATE
> Task :gradle-plugin:shared:jar UP-TO-DATE
> Task :expo-gradle-plugin:expo-autolinking-plugin-shared:jar UP-TO-DATE
> Task :gradle-plugin:settings-plugin:compileKotlin UP-TO-DATE
> Task :gradle-plugin:settings-plugin:compileJava NO-SOURCE
> Task :gradle-plugin:settings-plugin:classes UP-TO-DATE
> Task :gradle-plugin:settings-plugin:jar UP-TO-DATE
> Task :expo-gradle-plugin:expo-autolinking-settings-plugin:compileKotlin UP-TO-DATE
> Task :expo-gradle-plugin:expo-autolinking-settings-plugin:compileJava NO-SOURCE
> Task :expo-gradle-plugin:expo-autolinking-settings-plugin:classes UP-TO-DATE
> Task :expo-gradle-plugin:expo-autolinking-settings-plugin:jar UP-TO-DATE
> Task :expo-gradle-plugin:expo-autolinking-plugin:checkKotlinGradlePluginConfigurationErrors SKIPPED
> Task :gradle-plugin:react-native-gradle-plugin:checkKotlinGradlePluginConfigurationErrors SKIPPED
> Task :expo-dev-launcher-gradle-plugin:checkKotlinGradlePluginConfigurationErrors SKIPPED
> Task :expo-module-gradle-plugin:checkKotlinGradlePluginConfigurationErrors SKIPPED
> Task :expo-updates-gradle-plugin:checkKotlinGradlePluginConfigurationErrors SKIPPED
> Task :expo-dev-launcher-gradle-plugin:pluginDescriptors UP-TO-DATE
> Task :expo-updates-gradle-plugin:pluginDescriptors UP-TO-DATE
> Task :expo-updates-gradle-plugin:processResources UP-TO-DATE
> Task :expo-dev-launcher-gradle-plugin:processResources UP-TO-DATE
> Task :expo-module-gradle-plugin:pluginDescriptors UP-TO-DATE
> Task :expo-module-gradle-plugin:processResources UP-TO-DATE
> Task :expo-gradle-plugin:expo-autolinking-plugin:compileKotlin UP-TO-DATE
> Task :expo-gradle-plugin:expo-autolinking-plugin:compileJava NO-SOURCE
> Task :expo-gradle-plugin:expo-autolinking-plugin:pluginDescriptors UP-TO-DATE
> Task :expo-gradle-plugin:expo-autolinking-plugin:processResources UP-TO-DATE
> Task :expo-gradle-plugin:expo-autolinking-plugin:classes UP-TO-DATE
> Task :expo-gradle-plugin:expo-autolinking-plugin:jar UP-TO-DATE
> Task :gradle-plugin:react-native-gradle-plugin:compileKotlin UP-TO-DATE
> Task :gradle-plugin:react-native-gradle-plugin:compileJava NO-SOURCE
> Task :gradle-plugin:react-native-gradle-plugin:pluginDescriptors UP-TO-DATE
> Task :gradle-plugin:react-native-gradle-plugin:processResources UP-TO-DATE
> Task :gradle-plugin:react-native-gradle-plugin:classes UP-TO-DATE
> Task :gradle-plugin:react-native-gradle-plugin:jar UP-TO-DATE
> Task :expo-dev-launcher-gradle-plugin:compileKotlin UP-TO-DATE
> Task :expo-module-gradle-plugin:compileKotlin UP-TO-DATE
> Task :expo-dev-launcher-gradle-plugin:compileJava NO-SOURCE
> Task :expo-module-gradle-plugin:compileJava NO-SOURCE
> Task :expo-dev-launcher-gradle-plugin:classes UP-TO-DATE
> Task :expo-module-gradle-plugin:classes UP-TO-DATE
> Task :expo-module-gradle-plugin:jar UP-TO-DATE
> Task :expo-dev-launcher-gradle-plugin:jar UP-TO-DATE
> Task :expo-updates-gradle-plugin:compileKotlin UP-TO-DATE
> Task :expo-updates-gradle-plugin:compileJava NO-SOURCE
> Task :expo-updates-gradle-plugin:classes UP-TO-DATE
> Task :expo-updates-gradle-plugin:jar UP-TO-DATE

> Configure project :
[32m[ExpoRootProject][0m Using the following versions:
  - buildTools:  [32m36.0.0[0m
  - minSdk:      [32m24[0m
  - compileSdk:  [32m36[0m
  - targetSdk:   [32m36[0m
  - ndk:         [32m27.1.12297006[0m
  - kotlin:      [32m2.1.20[0m
  - ksp:         [32m2.1.20-2.0.1[0m

> Configure project :app
 ??  [33mApplying gradle plugin[0m '[32mexpo-dev-launcher-gradle-plugin[0m'
 ??  [33mApplying gradle plugin[0m '[32mexpo-updates-gradle-plugin[0m'

> Configure project :expo

Using expo modules
  - [32mexpo-constants[0m (18.0.10)
  - [32mexpo-dev-client[0m (6.0.16)
  - [32mexpo-dev-launcher[0m (6.0.16)
  - [32mexpo-dev-menu[0m (7.0.15)
  - [32mexpo-dev-menu-interface[0m (2.0.0)
  - [32mexpo-eas-client[0m (1.0.7)
  - [32mexpo-json-utils[0m (0.15.0)
  - [32mexpo-manifests[0m (1.0.8)
  - [32mexpo-modules-core[0m (3.0.22)
  - [32mexpo-structured-headers[0m (5.0.0)
  - [32mexpo-updates[0m (29.0.12)
  - [32mexpo-updates-interface[0m (2.0.0)
  - [33m[?][0m [32mexpo-application[0m (7.0.7)
  - [33m[?][0m [32mexpo-asset[0m (12.0.9)
  - [33m[?][0m [32mexpo-camera[0m (17.0.9)
  - [33m[?][0m [32mexpo-contacts[0m (15.0.10)
  - [33m[?][0m [32mexpo-crypto[0m (15.0.7)
  - [33m[?][0m [32mexpo-device[0m (8.0.9)
  - [33m[?][0m [32mexpo-document-picker[0m (14.0.7)
  - [33m[?][0m [32mexpo-file-system[0m (19.0.17)
  - [33m[?][0m [32mexpo-font[0m (14.0.9)
  - [33m[?][0m [32mexpo-haptics[0m (15.0.7)
  - [33m[?][0m [32mexpo-image[0m (3.0.10)
  - [33m[?][0m [32mexpo-image-loader[0m (6.0.0)
  - [33m[?][0m [32mexpo-image-picker[0m (17.0.8)
  - [33m[?][0m [32mexpo-keep-awake[0m (15.0.7)
  - [33m[?][0m [32mexpo-linear-gradient[0m (15.0.7)
  - [33m[?][0m [32mexpo-linking[0m (8.0.9)
  - [33m[?][0m [32mexpo-navigation-bar[0m (5.0.9)
  - [33m[?][0m [32mexpo-notifications[0m (0.32.12)
  - [33m[?][0m [32mexpo-sms[0m (14.0.7)
  - [33m[?][0m [32mexpo-splash-screen[0m (31.0.10)
  - [33m[?][0m [32mexpo-system-ui[0m (6.0.8)
  - [33m[?][0m [32mexpo-web-browser[0m (15.0.9)


> Configure project :react-native-firebase_analytics
:react-native-firebase_analytics package.json found at D:\edunex\node_modules\@react-native-firebase\analytics\package.json
:react-native-firebase_app package.json found at D:\edunex\node_modules\@react-native-firebase\app\package.json
:react-native-firebase_analytics:firebase.bom using default value: 34.4.0
:react-native-firebase_analytics package.json found at D:\edunex\node_modules\@react-native-firebase\analytics\package.json
:react-native-firebase_analytics:version set from package.json: 23.4.1 (23,4,1 - 23004001)
:react-native-firebase_analytics:android.compileSdk using custom value: 36
:react-native-firebase_analytics:android.targetSdk using custom value: 36
:react-native-firebase_analytics:android.minSdk using custom value: 24
:react-native-firebase_analytics:reactNativeAndroidDir D:\edunex\node_modules\react-native

> Configure project :react-native-firebase_app
:react-native-firebase_app package.json found at D:\edunex\node_modules\@react-native-firebase\app\package.json
:react-native-firebase_app:firebase.bom using default value: 34.4.0
:react-native-firebase_app:play.play-services-auth using default value: 21.4.0
:react-native-firebase_app package.json found at D:\edunex\node_modules\@react-native-firebase\app\package.json
:react-native-firebase_app:version set from package.json: 23.4.1 (23,4,1 - 23004001)
:react-native-firebase_app:android.compileSdk using custom value: 36
:react-native-firebase_app:android.targetSdk using custom value: 36
:react-native-firebase_app:android.minSdk using custom value: 24
:react-native-firebase_app:reactNativeAndroidDir D:\edunex\node_modules\react-native

> Configure project :react-native-firebase_auth
:react-native-firebase_auth package.json found at D:\edunex\node_modules\@react-native-firebase\auth\package.json
:react-native-firebase_app package.json found at D:\edunex\node_modules\@react-native-firebase\app\package.json
:react-native-firebase_auth:firebase.bom using default value: 34.4.0
:react-native-firebase_auth package.json found at D:\edunex\node_modules\@react-native-firebase\auth\package.json
:react-native-firebase_auth:version set from package.json: 23.4.1 (23,4,1 - 23004001)
:react-native-firebase_auth:android.compileSdk using custom value: 36
:react-native-firebase_auth:android.targetSdk using custom value: 36
:react-native-firebase_auth:android.minSdk using custom value: 24
:react-native-firebase_auth:reactNativeAndroidDir D:\edunex\node_modules\react-native

> Configure project :react-native-firebase_firestore
:react-native-firebase_firestore package.json found at D:\edunex\node_modules\@react-native-firebase\firestore\package.json
:react-native-firebase_app package.json found at D:\edunex\node_modules\@react-native-firebase\app\package.json
:react-native-firebase_firestore:firebase.bom using default value: 34.4.0
:react-native-firebase_firestore package.json found at D:\edunex\node_modules\@react-native-firebase\firestore\package.json
:react-native-firebase_firestore:version set from package.json: 23.4.1 (23,4,1 - 23004001)
:react-native-firebase_firestore:android.compileSdk using custom value: 36
:react-native-firebase_firestore:android.targetSdk using custom value: 36
:react-native-firebase_firestore:android.minSdk using custom value: 24
:react-native-firebase_firestore:reactNativeAndroidDir D:\edunex\node_modules\react-native

> Task :expo-dev-menu:preBuild UP-TO-DATE
> Task :expo-dev-client:preBuild UP-TO-DATE
> Task :expo-dev-menu-interface:preBuild UP-TO-DATE
> Task :expo-eas-client:preBuild UP-TO-DATE
> Task :expo-dev-launcher:preBuild UP-TO-DATE
> Task :expo-manifests:preBuild UP-TO-DATE
> Task :expo-updates:preBuild UP-TO-DATE
> Task :expo-structured-headers:preBuild UP-TO-DATE
> Task :expo-modules-core:preBuild UP-TO-DATE
> Task :expo-json-utils:preBuild UP-TO-DATE
> Task :expo-updates-interface:preBuild UP-TO-DATE
> Task :react-native-community_checkbox:preBuild UP-TO-DATE
> Task :react-native-firebase_analytics:preBuild UP-TO-DATE
> Task :react-native-firebase_app:preBuild UP-TO-DATE
> Task :react-native-firebase_auth:preBuild UP-TO-DATE
> Task :react-native-firebase_firestore:preBuild UP-TO-DATE
> Task :expo:generatePackagesList UP-TO-DATE
> Task :expo:preBuild UP-TO-DATE
> Task :react-native-linear-gradient:preBuild UP-TO-DATE
> Task :lottie-react-native:generateCodegenSchemaFromJavaScript UP-TO-DATE
> Task :app:generateAutolinkingNewArchitectureFiles UP-TO-DATE
> Task :react-native-gesture-handler:generateCodegenSchemaFromJavaScript UP-TO-DATE
> Task :react-native-image-picker:generateCodegenSchemaFromJavaScript UP-TO-DATE
> Task :react-native-async-storage_async-storage:generateCodegenSchemaFromJavaScript UP-TO-DATE
> Task :react-native-community_datetimepicker:generateCodegenSchemaFromJavaScript UP-TO-DATE
> Task :app:generateAutolinkingPackageList UP-TO-DATE
> Task :app:generateCodegenSchemaFromJavaScript SKIPPED
> Task :app:generateCodegenArtifactsFromSchema SKIPPED
> Task :app:generateReactNativeEntryPoint UP-TO-DATE
> Task :lottie-react-native:generateCodegenArtifactsFromSchema UP-TO-DATE
> Task :lottie-react-native:preBuild UP-TO-DATE
> Task :react-native-picker_picker:generateCodegenSchemaFromJavaScript UP-TO-DATE
> Task :react-native-image-picker:generateCodegenArtifactsFromSchema UP-TO-DATE
> Task :react-native-image-picker:preBuild UP-TO-DATE
> Task :react-native-safe-area-context:generateCodegenSchemaFromJavaScript UP-TO-DATE
> Task :react-native-community_datetimepicker:generateCodegenArtifactsFromSchema UP-TO-DATE
> Task :react-native-async-storage_async-storage:generateCodegenArtifactsFromSchema UP-TO-DATE
> Task :react-native-async-storage_async-storage:preBuild UP-TO-DATE
> Task :react-native-community_datetimepicker:preBuild UP-TO-DATE
> Task :react-native-gesture-handler:generateCodegenArtifactsFromSchema UP-TO-DATE
> Task :react-native-gesture-handler:preBuild UP-TO-DATE
> Task :react-native-picker_picker:generateCodegenArtifactsFromSchema UP-TO-DATE
> Task :react-native-picker_picker:preBuild UP-TO-DATE
> Task :expo:preReleaseBuild UP-TO-DATE
> Task :react-native-svg:generateCodegenSchemaFromJavaScript UP-TO-DATE
> Task :react-native-screens:generateCodegenSchemaFromJavaScript UP-TO-DATE
> Task :react-native-safe-area-context:generateCodegenArtifactsFromSchema UP-TO-DATE
> Task :react-native-safe-area-context:preBuild UP-TO-DATE
> Task :expo-dev-client:preReleaseBuild UP-TO-DATE
> Task :expo:mergeReleaseJniLibFolders UP-TO-DATE
> Task :react-native-vector-icons:generateCodegenSchemaFromJavaScript UP-TO-DATE
> Task :expo-dev-client:mergeReleaseJniLibFolders UP-TO-DATE
> Task :expo-dev-client:mergeReleaseNativeLibs NO-SOURCE
> Task :expo:mergeReleaseNativeLibs NO-SOURCE
> Task :expo-dev-client:copyReleaseJniLibsProjectOnly UP-TO-DATE
> Task :expo:copyReleaseJniLibsProjectOnly UP-TO-DATE
> Task :expo-dev-menu:preReleaseBuild UP-TO-DATE
> Task :expo-dev-launcher:preReleaseBuild UP-TO-DATE
> Task :expo-dev-menu:mergeReleaseJniLibFolders UP-TO-DATE
> Task :expo-dev-menu:mergeReleaseNativeLibs NO-SOURCE
> Task :react-native-vector-icons:generateCodegenArtifactsFromSchema UP-TO-DATE
> Task :react-native-vector-icons:preBuild UP-TO-DATE
> Task :expo-dev-menu:copyReleaseJniLibsProjectOnly UP-TO-DATE
> Task :expo-dev-menu-interface:preReleaseBuild UP-TO-DATE
> Task :expo-eas-client:preReleaseBuild UP-TO-DATE
> Task :expo-dev-launcher:mergeReleaseJniLibFolders UP-TO-DATE
> Task :expo-eas-client:mergeReleaseJniLibFolders UP-TO-DATE
> Task :expo-dev-menu-interface:mergeReleaseJniLibFolders UP-TO-DATE
> Task :expo-eas-client:mergeReleaseNativeLibs NO-SOURCE
> Task :expo-dev-launcher:mergeReleaseNativeLibs NO-SOURCE
> Task :react-native-screens:generateCodegenArtifactsFromSchema UP-TO-DATE
> Task :react-native-svg:generateCodegenArtifactsFromSchema UP-TO-DATE
> Task :react-native-screens:preBuild UP-TO-DATE
> Task :react-native-svg:preBuild UP-TO-DATE
> Task :expo-json-utils:preReleaseBuild UP-TO-DATE
> Task :expo-manifests:preReleaseBuild UP-TO-DATE
> Task :expo-dev-launcher:copyReleaseJniLibsProjectOnly UP-TO-DATE
> Task :expo-dev-menu-interface:mergeReleaseNativeLibs NO-SOURCE
> Task :expo-eas-client:copyReleaseJniLibsProjectOnly UP-TO-DATE
> Task :expo-modules-core:preReleaseBuild UP-TO-DATE
> Task :expo-structured-headers:preReleaseBuild UP-TO-DATE
> Task :expo-manifests:mergeReleaseJniLibFolders UP-TO-DATE
> Task :expo-json-utils:mergeReleaseJniLibFolders UP-TO-DATE
> Task :expo-manifests:mergeReleaseNativeLibs NO-SOURCE
> Task :expo-json-utils:mergeReleaseNativeLibs NO-SOURCE
> Task :expo-structured-headers:mergeReleaseJniLibFolders UP-TO-DATE
> Task :expo-dev-menu-interface:copyReleaseJniLibsProjectOnly UP-TO-DATE
> Task :expo-manifests:copyReleaseJniLibsProjectOnly UP-TO-DATE
> Task :expo-json-utils:copyReleaseJniLibsProjectOnly UP-TO-DATE
> Task :expo-updates:preReleaseBuild UP-TO-DATE
> Task :lottie-react-native:preReleaseBuild UP-TO-DATE
> Task :expo-updates-interface:preReleaseBuild UP-TO-DATE
> Task :expo-structured-headers:mergeReleaseNativeLibs NO-SOURCE
> Task :expo-structured-headers:copyReleaseJniLibsProjectOnly UP-TO-DATE
> Task :lottie-react-native:mergeReleaseJniLibFolders UP-TO-DATE
> Task :react-native-async-storage_async-storage:preReleaseBuild UP-TO-DATE
> Task :lottie-react-native:mergeReleaseNativeLibs NO-SOURCE
> Task :lottie-react-native:copyReleaseJniLibsProjectOnly UP-TO-DATE
> Task :react-native-community_checkbox:preReleaseBuild UP-TO-DATE
> Task :expo-updates:mergeReleaseJniLibFolders UP-TO-DATE
> Task :react-native-async-storage_async-storage:mergeReleaseJniLibFolders UP-TO-DATE
> Task :expo-updates-interface:mergeReleaseJniLibFolders UP-TO-DATE
> Task :react-native-community_checkbox:mergeReleaseJniLibFolders UP-TO-DATE
> Task :expo-updates-interface:mergeReleaseNativeLibs NO-SOURCE
> Task :react-native-async-storage_async-storage:mergeReleaseNativeLibs NO-SOURCE
> Task :expo-updates:mergeReleaseNativeLibs NO-SOURCE
> Task :react-native-community_checkbox:mergeReleaseNativeLibs NO-SOURCE
> Task :expo-updates:copyReleaseJniLibsProjectOnly UP-TO-DATE
> Task :expo-updates-interface:copyReleaseJniLibsProjectOnly UP-TO-DATE
> Task :react-native-async-storage_async-storage:copyReleaseJniLibsProjectOnly UP-TO-DATE
> Task :react-native-firebase_analytics:preReleaseBuild UP-TO-DATE
> Task :react-native-community_datetimepicker:preReleaseBuild UP-TO-DATE
> Task :react-native-firebase_app:preReleaseBuild UP-TO-DATE
> Task :react-native-community_checkbox:copyReleaseJniLibsProjectOnly UP-TO-DATE
> Task :react-native-firebase_analytics:mergeReleaseJniLibFolders UP-TO-DATE
> Task :react-native-firebase_app:mergeReleaseJniLibFolders UP-TO-DATE
> Task :react-native-firebase_auth:preReleaseBuild UP-TO-DATE
> Task :react-native-community_datetimepicker:mergeReleaseJniLibFolders UP-TO-DATE
> Task :react-native-firebase_analytics:mergeReleaseNativeLibs NO-SOURCE
> Task :react-native-firebase_app:mergeReleaseNativeLibs NO-SOURCE
> Task :react-native-community_datetimepicker:mergeReleaseNativeLibs NO-SOURCE
> Task :react-native-firebase_auth:mergeReleaseJniLibFolders UP-TO-DATE
> Task :react-native-community_datetimepicker:copyReleaseJniLibsProjectOnly UP-TO-DATE
> Task :react-native-firebase_analytics:copyReleaseJniLibsProjectOnly UP-TO-DATE
> Task :react-native-firebase_firestore:preReleaseBuild UP-TO-DATE
> Task :react-native-firebase_app:copyReleaseJniLibsProjectOnly UP-TO-DATE
> Task :react-native-gesture-handler:preReleaseBuild UP-TO-DATE
> Task :react-native-image-picker:preReleaseBuild UP-TO-DATE
> Task :react-native-firebase_auth:mergeReleaseNativeLibs NO-SOURCE
> Task :react-native-gesture-handler:mergeReleaseJniLibFolders UP-TO-DATE
> Task :react-native-firebase_firestore:mergeReleaseJniLibFolders UP-TO-DATE
> Task :react-native-image-picker:mergeReleaseJniLibFolders UP-TO-DATE
> Task :react-native-linear-gradient:preReleaseBuild UP-TO-DATE
> Task :react-native-firebase_auth:copyReleaseJniLibsProjectOnly UP-TO-DATE
> Task :react-native-picker_picker:preReleaseBuild UP-TO-DATE
> Task :react-native-firebase_firestore:mergeReleaseNativeLibs NO-SOURCE
> Task :react-native-image-picker:mergeReleaseNativeLibs NO-SOURCE
> Task :react-native-picker_picker:mergeReleaseJniLibFolders UP-TO-DATE
> Task :react-native-picker_picker:mergeReleaseNativeLibs NO-SOURCE
> Task :react-native-firebase_firestore:copyReleaseJniLibsProjectOnly UP-TO-DATE
> Task :react-native-linear-gradient:mergeReleaseJniLibFolders UP-TO-DATE
> Task :react-native-safe-area-context:preReleaseBuild UP-TO-DATE
> Task :react-native-image-picker:copyReleaseJniLibsProjectOnly UP-TO-DATE
> Task :react-native-screens:preReleaseBuild UP-TO-DATE
> Task :react-native-picker_picker:copyReleaseJniLibsProjectOnly UP-TO-DATE
> Task :react-native-svg:preReleaseBuild UP-TO-DATE
> Task :react-native-linear-gradient:mergeReleaseNativeLibs NO-SOURCE
> Task :react-native-svg:mergeReleaseJniLibFolders UP-TO-DATE
> Task :react-native-safe-area-context:mergeReleaseJniLibFolders UP-TO-DATE
> Task :react-native-svg:mergeReleaseNativeLibs NO-SOURCE
> Task :react-native-linear-gradient:copyReleaseJniLibsProjectOnly UP-TO-DATE
> Task :react-native-vector-icons:preReleaseBuild UP-TO-DATE
> Task :react-native-safe-area-context:mergeReleaseNativeLibs NO-SOURCE
> Task :react-native-svg:copyReleaseJniLibsProjectOnly UP-TO-DATE
> Task :react-native-community_datetimepicker:checkKotlinGradlePluginConfigurationErrors SKIPPED
> Task :react-native-safe-area-context:copyReleaseJniLibsProjectOnly UP-TO-DATE
> Task :lottie-react-native:checkKotlinGradlePluginConfigurationErrors SKIPPED
> Task :react-native-vector-icons:mergeReleaseJniLibFolders UP-TO-DATE
> Task :react-native-vector-icons:mergeReleaseNativeLibs NO-SOURCE
> Task :react-native-community_datetimepicker:generateReleaseBuildConfig UP-TO-DATE
> Task :lottie-react-native:generateReleaseBuildConfig UP-TO-DATE
> Task :react-native-community_datetimepicker:generateReleaseResValues UP-TO-DATE
> Task :react-native-vector-icons:copyReleaseJniLibsProjectOnly UP-TO-DATE
> Task :react-native-gesture-handler:checkKotlinGradlePluginConfigurationErrors SKIPPED
> Task :lottie-react-native:generateReleaseResValues UP-TO-DATE
> Task :react-native-community_datetimepicker:generateReleaseResources UP-TO-DATE
> Task :react-native-gesture-handler:generateReleaseBuildConfig UP-TO-DATE
> Task :react-native-gesture-handler:generateReleaseResValues UP-TO-DATE
> Task :lottie-react-native:generateReleaseResources UP-TO-DATE
> Task :react-native-gesture-handler:generateReleaseResources UP-TO-DATE
> Task :lottie-react-native:packageReleaseResources UP-TO-DATE
> Task :react-native-community_datetimepicker:packageReleaseResources UP-TO-DATE
> Task :react-native-gesture-handler:packageReleaseResources UP-TO-DATE
> Task :react-native-community_datetimepicker:parseReleaseLocalResources UP-TO-DATE
> Task :lottie-react-native:parseReleaseLocalResources UP-TO-DATE
> Task :react-native-gesture-handler:parseReleaseLocalResources UP-TO-DATE
> Task :react-native-community_datetimepicker:generateReleaseRFile UP-TO-DATE
> Task :lottie-react-native:generateReleaseRFile UP-TO-DATE
> Task :react-native-gesture-handler:generateReleaseRFile UP-TO-DATE
> Task :react-native-svg:generateReleaseBuildConfig UP-TO-DATE
> Task :react-native-svg:generateReleaseResValues UP-TO-DATE
> Task :react-native-svg:generateReleaseResources UP-TO-DATE
> Task :react-native-svg:packageReleaseResources UP-TO-DATE
> Task :react-native-svg:parseReleaseLocalResources UP-TO-DATE
> Task :react-native-svg:generateReleaseRFile UP-TO-DATE
> Task :react-native-svg:javaPreCompileRelease UP-TO-DATE
> Task :react-native-reanimated:assertMinimalReactNativeVersionTask
> Task :react-native-worklets:assertMinimalReactNativeVersionTask
> Task :react-native-reanimated:assertNewArchitectureEnabledTask SKIPPED
> Task :react-native-worklets:assertNewArchitectureEnabledTask SKIPPED
> Task :react-native-worklets:generateCodegenSchemaFromJavaScript UP-TO-DATE
> Task :react-native-worklets:generateCodegenArtifactsFromSchema UP-TO-DATE
> Task :react-native-worklets:prepareWorkletsHeadersForPrefabs UP-TO-DATE
> Task :react-native-worklets:preBuild
> Task :react-native-worklets:preReleaseBuild
> Task :react-native-reanimated:assertWorkletsVersionTask
> Task :react-native-reanimated:generateCodegenSchemaFromJavaScript UP-TO-DATE
> Task :react-native-reanimated:generateCodegenArtifactsFromSchema UP-TO-DATE
> Task :react-native-reanimated:prepareReanimatedHeadersForPrefabs UP-TO-DATE
> Task :react-native-reanimated:preBuild
> Task :react-native-reanimated:preReleaseBuild
> Task :react-native-reanimated:mergeReleaseJniLibFolders UP-TO-DATE
> Task :react-native-reanimated:generateReleaseBuildConfig UP-TO-DATE
> Task :react-native-reanimated:generateReleaseResValues UP-TO-DATE
> Task :react-native-reanimated:generateReleaseResources UP-TO-DATE

> Task :expo-constants:createExpoConfig
The NODE_ENV environment variable is required but was not specified. Ensure the project is bundled with Expo CLI or NODE_ENV is set. Using only .env.local and .env

> Task :expo-constants:preBuild
> Task :app:preBuild
> Task :app:preReleaseBuild
> Task :app:mergeReleaseJniLibFolders UP-TO-DATE
> Task :expo-constants:preReleaseBuild
> Task :react-native-reanimated:packageReleaseResources UP-TO-DATE
> Task :expo-constants:mergeReleaseJniLibFolders UP-TO-DATE
> Task :react-native-svg:compileReleaseJavaWithJavac UP-TO-DATE
> Task :expo-constants:mergeReleaseNativeLibs NO-SOURCE
> Task :react-native-reanimated:parseReleaseLocalResources UP-TO-DATE
> Task :react-native-svg:bundleLibCompileToJarRelease UP-TO-DATE
> Task :expo-constants:copyReleaseJniLibsProjectOnly UP-TO-DATE
> Task :react-native-safe-area-context:checkKotlinGradlePluginConfigurationErrors SKIPPED
> Task :react-native-reanimated:generateReleaseRFile UP-TO-DATE
> Task :react-native-safe-area-context:generateReleaseBuildConfig UP-TO-DATE
> Task :react-native-gesture-handler:javaPreCompileRelease UP-TO-DATE
> Task :react-native-safe-area-context:generateReleaseResValues UP-TO-DATE
> Task :react-native-reanimated:javaPreCompileRelease UP-TO-DATE
> Task :react-native-safe-area-context:generateReleaseResources UP-TO-DATE
> Task :react-native-async-storage_async-storage:generateReleaseBuildConfig UP-TO-DATE
> Task :react-native-community_checkbox:generateReleaseBuildConfig UP-TO-DATE
> Task :react-native-safe-area-context:packageReleaseResources UP-TO-DATE
> Task :react-native-async-storage_async-storage:generateReleaseResValues UP-TO-DATE
> Task :react-native-community_checkbox:generateReleaseResValues UP-TO-DATE
> Task :react-native-safe-area-context:parseReleaseLocalResources UP-TO-DATE
> Task :react-native-async-storage_async-storage:generateReleaseResources UP-TO-DATE
> Task :react-native-community_checkbox:generateReleaseResources UP-TO-DATE
> Task :react-native-safe-area-context:generateReleaseRFile UP-TO-DATE
> Task :react-native-async-storage_async-storage:packageReleaseResources UP-TO-DATE
> Task :react-native-community_checkbox:packageReleaseResources UP-TO-DATE
> Task :react-native-async-storage_async-storage:parseReleaseLocalResources UP-TO-DATE
> Task :react-native-community_checkbox:parseReleaseLocalResources UP-TO-DATE
> Task :react-native-async-storage_async-storage:generateReleaseRFile UP-TO-DATE
> Task :react-native-async-storage_async-storage:javaPreCompileRelease UP-TO-DATE
> Task :react-native-community_checkbox:generateReleaseRFile UP-TO-DATE
> Task :react-native-community_checkbox:javaPreCompileRelease UP-TO-DATE
> Task :react-native-async-storage_async-storage:compileReleaseJavaWithJavac UP-TO-DATE
> Task :react-native-community_checkbox:compileReleaseJavaWithJavac UP-TO-DATE
> Task :react-native-async-storage_async-storage:bundleLibRuntimeToDirRelease UP-TO-DATE
> Task :react-native-community_checkbox:bundleLibRuntimeToDirRelease UP-TO-DATE
> Task :react-native-firebase_analytics:generateReleaseBuildConfig UP-TO-DATE
> Task :react-native-firebase_app:generateReleaseBuildConfig UP-TO-DATE
> Task :react-native-firebase_app:generateReleaseResValues UP-TO-DATE
> Task :react-native-firebase_analytics:generateReleaseResValues UP-TO-DATE
> Task :react-native-firebase_app:generateReleaseResources UP-TO-DATE
> Task :react-native-firebase_analytics:generateReleaseResources UP-TO-DATE
> Task :react-native-firebase_analytics:packageReleaseResources UP-TO-DATE
> Task :react-native-firebase_app:packageReleaseResources UP-TO-DATE
> Task :react-native-firebase_analytics:parseReleaseLocalResources UP-TO-DATE
> Task :react-native-firebase_app:parseReleaseLocalResources UP-TO-DATE
> Task :react-native-firebase_analytics:generateReleaseRFile UP-TO-DATE
> Task :react-native-firebase_analytics:javaPreCompileRelease UP-TO-DATE
> Task :react-native-firebase_app:generateReleaseRFile UP-TO-DATE
> Task :react-native-firebase_app:javaPreCompileRelease UP-TO-DATE
> Task :react-native-firebase_auth:generateReleaseBuildConfig UP-TO-DATE
> Task :react-native-firebase_auth:generateReleaseResValues UP-TO-DATE
> Task :react-native-firebase_auth:generateReleaseResources UP-TO-DATE
> Task :react-native-firebase_auth:packageReleaseResources UP-TO-DATE
> Task :react-native-firebase_auth:parseReleaseLocalResources UP-TO-DATE
> Task :react-native-firebase_auth:generateReleaseRFile UP-TO-DATE
> Task :react-native-firebase_auth:javaPreCompileRelease UP-TO-DATE
> Task :react-native-firebase_firestore:generateReleaseBuildConfig UP-TO-DATE
> Task :react-native-firebase_firestore:generateReleaseResValues UP-TO-DATE
> Task :react-native-firebase_firestore:generateReleaseResources UP-TO-DATE
> Task :react-native-firebase_firestore:packageReleaseResources UP-TO-DATE
> Task :react-native-firebase_firestore:parseReleaseLocalResources UP-TO-DATE
> Task :react-native-firebase_firestore:generateReleaseRFile UP-TO-DATE
> Task :react-native-firebase_firestore:javaPreCompileRelease UP-TO-DATE
> Task :react-native-picker_picker:generateReleaseBuildConfig UP-TO-DATE
> Task :react-native-picker_picker:generateReleaseResValues UP-TO-DATE
> Task :react-native-picker_picker:generateReleaseResources UP-TO-DATE
> Task :react-native-picker_picker:packageReleaseResources UP-TO-DATE
> Task :react-native-firebase_app:compileReleaseJavaWithJavac UP-TO-DATE
> Task :react-native-picker_picker:parseReleaseLocalResources UP-TO-DATE
> Task :react-native-firebase_app:bundleLibCompileToJarRelease UP-TO-DATE
> Task :react-native-picker_picker:generateReleaseRFile UP-TO-DATE
> Task :react-native-community_datetimepicker:compileReleaseKotlin UP-TO-DATE
> Task :lottie-react-native:compileReleaseKotlin UP-TO-DATE
> Task :react-native-community_datetimepicker:javaPreCompileRelease UP-TO-DATE
> Task :lottie-react-native:javaPreCompileRelease UP-TO-DATE
> Task :react-native-safe-area-context:compileReleaseKotlin UP-TO-DATE
> Task :react-native-safe-area-context:javaPreCompileRelease UP-TO-DATE
> Task :react-native-community_datetimepicker:compileReleaseJavaWithJavac UP-TO-DATE
> Task :lottie-react-native:compileReleaseJavaWithJavac UP-TO-DATE
> Task :lottie-react-native:bundleLibRuntimeToDirRelease UP-TO-DATE
> Task :react-native-community_datetimepicker:bundleLibRuntimeToDirRelease UP-TO-DATE
> Task :react-native-safe-area-context:compileReleaseJavaWithJavac UP-TO-DATE
> Task :react-native-safe-area-context:bundleLibRuntimeToDirRelease UP-TO-DATE
> Task :react-native-firebase_app:bundleLibRuntimeToDirRelease UP-TO-DATE
> Task :expo:checkKotlinGradlePluginConfigurationErrors SKIPPED
> Task :react-native-picker_picker:javaPreCompileRelease UP-TO-DATE
> Task :expo:generateReleaseBuildConfig UP-TO-DATE
> Task :expo:generateReleaseResValues UP-TO-DATE
> Task :expo:generateReleaseResources UP-TO-DATE
> Task :react-native-picker_picker:compileReleaseJavaWithJavac UP-TO-DATE
> Task :react-native-firebase_analytics:compileReleaseJavaWithJavac UP-TO-DATE
> Task :react-native-firebase_firestore:compileReleaseJavaWithJavac UP-TO-DATE
> Task :react-native-firebase_analytics:bundleLibRuntimeToDirRelease UP-TO-DATE
> Task :react-native-picker_picker:bundleLibRuntimeToDirRelease UP-TO-DATE
> Task :expo:packageReleaseResources UP-TO-DATE
> Task :react-native-firebase_auth:compileReleaseJavaWithJavac UP-TO-DATE
> Task :react-native-firebase_firestore:bundleLibRuntimeToDirRelease UP-TO-DATE
> Task :expo:parseReleaseLocalResources UP-TO-DATE
> Task :react-native-firebase_auth:bundleLibRuntimeToDirRelease UP-TO-DATE
> Task :expo-constants:checkKotlinGradlePluginConfigurationErrors SKIPPED
> Task :expo-constants:generateReleaseBuildConfig UP-TO-DATE
> Task :expo:generateReleaseRFile UP-TO-DATE
> Task :expo-dev-client:checkKotlinGradlePluginConfigurationErrors SKIPPED
> Task :expo-dev-launcher:checkKotlinGradlePluginConfigurationErrors SKIPPED
> Task :expo-constants:generateReleaseResValues UP-TO-DATE
> Task :expo-dev-menu:generateReleaseResValues UP-TO-DATE
> Task :expo-constants:generateReleaseResources UP-TO-DATE
> Task :expo-dev-menu:generateReleaseResources UP-TO-DATE
> Task :expo-dev-menu-interface:generateReleaseResValues UP-TO-DATE
> Task :expo-constants:packageReleaseResources UP-TO-DATE
> Task :expo-dev-menu-interface:generateReleaseResources UP-TO-DATE
> Task :expo-dev-menu:packageReleaseResources UP-TO-DATE
> Task :expo-constants:parseReleaseLocalResources UP-TO-DATE
> Task :expo-dev-menu-interface:packageReleaseResources UP-TO-DATE
> Task :expo-constants:generateReleaseRFile UP-TO-DATE
> Task :expo-dev-menu:parseReleaseLocalResources UP-TO-DATE
> Task :expo-dev-menu-interface:parseReleaseLocalResources UP-TO-DATE
> Task :expo-constants:javaPreCompileRelease UP-TO-DATE
> Task :expo-dev-menu-interface:generateReleaseRFile UP-TO-DATE
> Task :expo-dev-menu:generateReleaseRFile UP-TO-DATE
> Task :expo-json-utils:generateReleaseResValues UP-TO-DATE
> Task :expo-manifests:generateReleaseResValues UP-TO-DATE
> Task :expo-updates-interface:generateReleaseResValues UP-TO-DATE
> Task :expo-manifests:generateReleaseResources UP-TO-DATE
> Task :expo-json-utils:generateReleaseResources UP-TO-DATE
> Task :expo-updates-interface:generateReleaseResources UP-TO-DATE
> Task :expo-manifests:packageReleaseResources UP-TO-DATE
> Task :expo-json-utils:packageReleaseResources UP-TO-DATE
> Task :expo-manifests:parseReleaseLocalResources UP-TO-DATE
> Task :expo-json-utils:parseReleaseLocalResources UP-TO-DATE
> Task :expo-manifests:generateReleaseRFile UP-TO-DATE
> Task :expo-dev-menu:checkKotlinGradlePluginConfigurationErrors SKIPPED
> Task :expo-dev-menu:generateReleaseBuildConfig UP-TO-DATE
> Task :expo-dev-menu-interface:checkKotlinGradlePluginConfigurationErrors SKIPPED
> Task :expo-dev-menu-interface:generateReleaseBuildConfig UP-TO-DATE
> Task :expo-dev-menu-interface:javaPreCompileRelease UP-TO-DATE
> Task :expo-manifests:checkKotlinGradlePluginConfigurationErrors SKIPPED
> Task :expo-manifests:generateReleaseBuildConfig UP-TO-DATE
> Task :expo-manifests:javaPreCompileRelease UP-TO-DATE
> Task :expo-dev-menu:javaPreCompileRelease UP-TO-DATE
> Task :expo-eas-client:checkKotlinGradlePluginConfigurationErrors SKIPPED
> Task :expo-eas-client:generateReleaseBuildConfig UP-TO-DATE
> Task :expo-eas-client:generateReleaseResValues UP-TO-DATE
> Task :expo-json-utils:generateReleaseRFile UP-TO-DATE
> Task :expo-updates-interface:packageReleaseResources UP-TO-DATE
> Task :expo-json-utils:checkKotlinGradlePluginConfigurationErrors SKIPPED
> Task :expo-eas-client:generateReleaseResources UP-TO-DATE
> Task :expo-json-utils:generateReleaseBuildConfig UP-TO-DATE
> Task :expo-json-utils:javaPreCompileRelease UP-TO-DATE
> Task :expo-structured-headers:checkKotlinGradlePluginConfigurationErrors SKIPPED
> Task :expo-updates-interface:parseReleaseLocalResources UP-TO-DATE
> Task :expo-structured-headers:generateReleaseBuildConfig UP-TO-DATE
> Task :expo-eas-client:packageReleaseResources UP-TO-DATE
> Task :expo-updates-interface:generateReleaseRFile UP-TO-DATE
> Task :expo-structured-headers:generateReleaseResValues UP-TO-DATE
> Task :expo-updates-interface:checkKotlinGradlePluginConfigurationErrors SKIPPED
> Task :expo-eas-client:parseReleaseLocalResources UP-TO-DATE
> Task :expo-structured-headers:generateReleaseResources UP-TO-DATE
> Task :expo-updates-interface:generateReleaseBuildConfig UP-TO-DATE
> Task :expo-updates-interface:javaPreCompileRelease UP-TO-DATE
> Task :expo-updates:checkKotlinGradlePluginConfigurationErrors SKIPPED
> Task :expo-eas-client:generateReleaseRFile UP-TO-DATE
> Task :expo-structured-headers:packageReleaseResources UP-TO-DATE
> Task :expo-eas-client:javaPreCompileRelease UP-TO-DATE
> Task :expo-updates:generateReleaseBuildConfig UP-TO-DATE
> Task :expo:javaPreCompileRelease UP-TO-DATE
> Task :expo-updates:generateReleaseResValues UP-TO-DATE
> Task :expo-structured-headers:parseReleaseLocalResources UP-TO-DATE
> Task :expo-updates:generateReleaseResources UP-TO-DATE
> Task :expo-structured-headers:generateReleaseRFile UP-TO-DATE
> Task :expo-structured-headers:javaPreCompileRelease UP-TO-DATE
> Task :expo-updates:packageReleaseResources UP-TO-DATE
> Task :react-native-linear-gradient:generateReleaseBuildConfig UP-TO-DATE
> Task :expo-updates:parseReleaseLocalResources UP-TO-DATE
> Task :react-native-linear-gradient:generateReleaseResValues UP-TO-DATE
> Task :expo-updates:generateReleaseRFile UP-TO-DATE
> Task :react-native-linear-gradient:generateReleaseResources UP-TO-DATE
> Task :expo-modules-core:configureCMakeRelWithDebInfo[arm64-v8a]
> Task :react-native-worklets:configureCMakeRelWithDebInfo[arm64-v8a]
> Task :react-native-image-picker:generateReleaseBuildConfig UP-TO-DATE
> Task :react-native-screens:configureCMakeRelWithDebInfo[arm64-v8a]
> Task :react-native-image-picker:generateReleaseResValues UP-TO-DATE
> Task :react-native-linear-gradient:packageReleaseResources UP-TO-DATE
> Task :react-native-image-picker:generateReleaseResources UP-TO-DATE
> Task :react-native-linear-gradient:parseReleaseLocalResources UP-TO-DATE
> Task :react-native-linear-gradient:generateReleaseRFile UP-TO-DATE
> Task :react-native-linear-gradient:javaPreCompileRelease UP-TO-DATE
> Task :react-native-image-picker:packageReleaseResources UP-TO-DATE
> Task :react-native-worklets:configureCMakeRelWithDebInfo[armeabi-v7a]
> Task :react-native-linear-gradient:compileReleaseJavaWithJavac UP-TO-DATE
> Task :react-native-linear-gradient:bundleLibRuntimeToDirRelease UP-TO-DATE
> Task :react-native-worklets:configureCMakeRelWithDebInfo[x86]
> Task :react-native-worklets:configureCMakeRelWithDebInfo[x86_64]
> Task :react-native-worklets:generateJsonModelRelease
> Task :react-native-svg:bundleLibRuntimeToDirRelease UP-TO-DATE
> Task :react-native-worklets:prefabReleaseConfigurePackage UP-TO-DATE
> Task :expo-dev-client:dataBindingMergeDependencyArtifactsRelease UP-TO-DATE
> Task :react-native-image-picker:parseReleaseLocalResources UP-TO-DATE
> Task :expo-updates:javaPreCompileRelease UP-TO-DATE
> Task :expo-dev-client:generateReleaseResValues UP-TO-DATE
> Task :expo-dev-client:generateReleaseResources UP-TO-DATE
> Task :react-native-image-picker:generateReleaseRFile UP-TO-DATE
> Task :react-native-image-picker:javaPreCompileRelease UP-TO-DATE
> Task :expo-dev-client:packageReleaseResources UP-TO-DATE
> Task :expo-dev-client:parseReleaseLocalResources UP-TO-DATE
> Task :react-native-vector-icons:generateReleaseBuildConfig UP-TO-DATE
> Task :react-native-vector-icons:generateReleaseResValues UP-TO-DATE
> Task :react-native-vector-icons:generateReleaseResources UP-TO-DATE
> Task :expo-dev-client:dataBindingGenBaseClassesRelease UP-TO-DATE
> Task :expo-dev-client:generateReleaseBuildConfig UP-TO-DATE
> Task :react-native-vector-icons:packageReleaseResources UP-TO-DATE
> Task :expo-dev-client:generateReleaseRFile UP-TO-DATE
> Task :react-native-vector-icons:parseReleaseLocalResources UP-TO-DATE
> Task :react-native-vector-icons:generateReleaseRFile UP-TO-DATE
> Task :react-native-vector-icons:javaPreCompileRelease UP-TO-DATE
> Task :react-native-vector-icons:compileReleaseJavaWithJavac UP-TO-DATE
> Task :react-native-vector-icons:bundleLibRuntimeToDirRelease UP-TO-DATE
> Task :expo-dev-client:javaPreCompileRelease UP-TO-DATE
> Task :react-native-image-picker:compileReleaseJavaWithJavac UP-TO-DATE
> Task :expo:writeReleaseAarMetadata UP-TO-DATE
> Task :react-native-image-picker:bundleLibRuntimeToDirRelease UP-TO-DATE
> Task :expo-constants:writeReleaseAarMetadata UP-TO-DATE
> Task :expo-dev-client:writeReleaseAarMetadata UP-TO-DATE
> Task :expo-dev-menu:writeReleaseAarMetadata UP-TO-DATE
> Task :expo-dev-menu-interface:writeReleaseAarMetadata UP-TO-DATE
> Task :expo-eas-client:writeReleaseAarMetadata UP-TO-DATE
> Task :expo-json-utils:writeReleaseAarMetadata UP-TO-DATE
> Task :expo-manifests:writeReleaseAarMetadata UP-TO-DATE
> Task :expo-structured-headers:writeReleaseAarMetadata UP-TO-DATE
> Task :expo-updates:writeReleaseAarMetadata UP-TO-DATE
> Task :expo-updates-interface:writeReleaseAarMetadata UP-TO-DATE
> Task :lottie-react-native:writeReleaseAarMetadata UP-TO-DATE
> Task :react-native-async-storage_async-storage:writeReleaseAarMetadata UP-TO-DATE
> Task :react-native-community_datetimepicker:writeReleaseAarMetadata UP-TO-DATE
> Task :react-native-community_checkbox:writeReleaseAarMetadata UP-TO-DATE
> Task :react-native-firebase_analytics:writeReleaseAarMetadata UP-TO-DATE
> Task :react-native-firebase_app:writeReleaseAarMetadata UP-TO-DATE
> Task :react-native-firebase_auth:writeReleaseAarMetadata UP-TO-DATE
> Task :react-native-firebase_firestore:writeReleaseAarMetadata UP-TO-DATE
> Task :react-native-gesture-handler:writeReleaseAarMetadata UP-TO-DATE
> Task :react-native-image-picker:writeReleaseAarMetadata UP-TO-DATE
> Task :react-native-linear-gradient:writeReleaseAarMetadata UP-TO-DATE
> Task :react-native-picker_picker:writeReleaseAarMetadata UP-TO-DATE
> Task :react-native-svg:writeReleaseAarMetadata UP-TO-DATE
> Task :react-native-safe-area-context:writeReleaseAarMetadata UP-TO-DATE
> Task :react-native-vector-icons:writeReleaseAarMetadata UP-TO-DATE
> Task :expo-constants:extractDeepLinksRelease UP-TO-DATE
> Task :expo:extractDeepLinksRelease UP-TO-DATE
> Task :expo:processReleaseManifest UP-TO-DATE
> Task :expo-constants:processReleaseManifest UP-TO-DATE
> Task :expo-dev-client:extractDeepLinksRelease UP-TO-DATE
> Task :expo-dev-menu:extractDeepLinksRelease UP-TO-DATE
> Task :expo-dev-menu:processReleaseManifest UP-TO-DATE
> Task :expo-dev-client:processReleaseManifest UP-TO-DATE
> Task :expo-dev-menu-interface:extractDeepLinksRelease UP-TO-DATE
> Task :expo-eas-client:extractDeepLinksRelease UP-TO-DATE
> Task :expo-dev-menu-interface:processReleaseManifest UP-TO-DATE
> Task :expo-json-utils:extractDeepLinksRelease UP-TO-DATE
> Task :expo-eas-client:processReleaseManifest UP-TO-DATE
> Task :expo-manifests:extractDeepLinksRelease UP-TO-DATE
> Task :expo-json-utils:processReleaseManifest UP-TO-DATE
> Task :expo-structured-headers:extractDeepLinksRelease UP-TO-DATE
> Task :expo-manifests:processReleaseManifest UP-TO-DATE
> Task :expo-updates:extractDeepLinksRelease UP-TO-DATE
> Task :expo-structured-headers:processReleaseManifest UP-TO-DATE
> Task :expo-updates-interface:extractDeepLinksRelease UP-TO-DATE
> Task :expo-updates-interface:processReleaseManifest UP-TO-DATE
> Task :expo-updates:processReleaseManifest UP-TO-DATE
> Task :react-native-async-storage_async-storage:extractDeepLinksRelease UP-TO-DATE
> Task :lottie-react-native:extractDeepLinksRelease UP-TO-DATE
> Task :lottie-react-native:processReleaseManifest UP-TO-DATE
> Task :react-native-community_checkbox:extractDeepLinksRelease UP-TO-DATE
> Task :react-native-async-storage_async-storage:processReleaseManifest UP-TO-DATE
> Task :react-native-community_datetimepicker:extractDeepLinksRelease UP-TO-DATE
> Task :react-native-community_checkbox:processReleaseManifest UP-TO-DATE
> Task :react-native-firebase_analytics:extractDeepLinksRelease UP-TO-DATE
> Task :react-native-community_datetimepicker:processReleaseManifest UP-TO-DATE
> Task :react-native-firebase_app:extractDeepLinksRelease UP-TO-DATE
> Task :react-native-firebase_analytics:processReleaseManifest UP-TO-DATE
> Task :react-native-firebase_app:processReleaseManifest UP-TO-DATE
> Task :react-native-firebase_auth:extractDeepLinksRelease UP-TO-DATE
> Task :react-native-firebase_firestore:extractDeepLinksRelease UP-TO-DATE
> Task :react-native-firebase_auth:processReleaseManifest UP-TO-DATE
> Task :react-native-gesture-handler:extractDeepLinksRelease UP-TO-DATE
> Task :react-native-firebase_firestore:processReleaseManifest UP-TO-DATE
> Task :react-native-image-picker:extractDeepLinksRelease UP-TO-DATE
> Task :react-native-gesture-handler:processReleaseManifest UP-TO-DATE
> Task :react-native-linear-gradient:extractDeepLinksRelease UP-TO-DATE
> Task :react-native-image-picker:processReleaseManifest UP-TO-DATE
> Task :react-native-linear-gradient:processReleaseManifest UP-TO-DATE
> Task :react-native-picker_picker:extractDeepLinksRelease UP-TO-DATE
> Task :react-native-safe-area-context:extractDeepLinksRelease UP-TO-DATE
> Task :react-native-picker_picker:processReleaseManifest UP-TO-DATE
> Task :react-native-safe-area-context:processReleaseManifest UP-TO-DATE
> Task :react-native-svg:extractDeepLinksRelease UP-TO-DATE
> Task :react-native-vector-icons:extractDeepLinksRelease UP-TO-DATE
> Task :react-native-svg:processReleaseManifest UP-TO-DATE
> Task :expo:compileReleaseLibraryResources UP-TO-DATE
> Task :expo-constants:compileReleaseLibraryResources UP-TO-DATE
> Task :expo-dev-client:compileReleaseLibraryResources UP-TO-DATE
> Task :react-native-vector-icons:processReleaseManifest UP-TO-DATE
> Task :expo-dev-menu:compileReleaseLibraryResources UP-TO-DATE
> Task :expo-eas-client:compileReleaseLibraryResources UP-TO-DATE
> Task :expo-dev-menu-interface:compileReleaseLibraryResources UP-TO-DATE
> Task :expo-json-utils:compileReleaseLibraryResources UP-TO-DATE
> Task :expo-manifests:compileReleaseLibraryResources UP-TO-DATE
> Task :expo-structured-headers:compileReleaseLibraryResources UP-TO-DATE
> Task :expo-updates:compileReleaseLibraryResources UP-TO-DATE
> Task :expo-updates-interface:compileReleaseLibraryResources UP-TO-DATE
> Task :lottie-react-native:compileReleaseLibraryResources UP-TO-DATE
> Task :react-native-async-storage_async-storage:compileReleaseLibraryResources UP-TO-DATE
> Task :react-native-community_checkbox:compileReleaseLibraryResources UP-TO-DATE
> Task :react-native-firebase_analytics:compileReleaseLibraryResources UP-TO-DATE
> Task :react-native-community_datetimepicker:compileReleaseLibraryResources UP-TO-DATE
> Task :react-native-firebase_app:compileReleaseLibraryResources UP-TO-DATE
> Task :react-native-firebase_auth:compileReleaseLibraryResources UP-TO-DATE
> Task :react-native-firebase_firestore:compileReleaseLibraryResources UP-TO-DATE
> Task :react-native-gesture-handler:compileReleaseLibraryResources UP-TO-DATE
> Task :react-native-image-picker:compileReleaseLibraryResources UP-TO-DATE
> Task :react-native-linear-gradient:compileReleaseLibraryResources UP-TO-DATE
> Task :react-native-picker_picker:compileReleaseLibraryResources UP-TO-DATE
> Task :react-native-svg:compileReleaseLibraryResources UP-TO-DATE
> Task :react-native-safe-area-context:compileReleaseLibraryResources UP-TO-DATE
> Task :react-native-vector-icons:compileReleaseLibraryResources UP-TO-DATE
> Task :lottie-react-native:bundleLibCompileToJarRelease UP-TO-DATE
> Task :react-native-async-storage_async-storage:bundleLibCompileToJarRelease UP-TO-DATE
> Task :react-native-community_checkbox:bundleLibCompileToJarRelease UP-TO-DATE
> Task :react-native-firebase_analytics:bundleLibCompileToJarRelease UP-TO-DATE
> Task :react-native-community_datetimepicker:bundleLibCompileToJarRelease UP-TO-DATE
> Task :react-native-firebase_auth:bundleLibCompileToJarRelease UP-TO-DATE
> Task :react-native-firebase_firestore:bundleLibCompileToJarRelease UP-TO-DATE
> Task :react-native-linear-gradient:bundleLibCompileToJarRelease UP-TO-DATE
> Task :react-native-image-picker:bundleLibCompileToJarRelease UP-TO-DATE
> Task :react-native-picker_picker:bundleLibCompileToJarRelease UP-TO-DATE
> Task :react-native-safe-area-context:bundleLibCompileToJarRelease UP-TO-DATE
> Task :react-native-vector-icons:bundleLibCompileToJarRelease UP-TO-DATE
> Task :expo:prepareReleaseArtProfile UP-TO-DATE
> Task :expo-constants:prepareReleaseArtProfile UP-TO-DATE
> Task :expo-dev-client:prepareReleaseArtProfile UP-TO-DATE
> Task :expo-dev-menu:prepareReleaseArtProfile UP-TO-DATE
> Task :expo-dev-menu-interface:prepareReleaseArtProfile UP-TO-DATE
> Task :expo-eas-client:prepareReleaseArtProfile UP-TO-DATE
> Task :expo-json-utils:prepareReleaseArtProfile UP-TO-DATE
> Task :expo-manifests:prepareReleaseArtProfile UP-TO-DATE
> Task :expo-structured-headers:prepareReleaseArtProfile UP-TO-DATE
> Task :expo-updates:prepareReleaseArtProfile UP-TO-DATE
> Task :lottie-react-native:prepareReleaseArtProfile UP-TO-DATE
> Task :expo-updates-interface:prepareReleaseArtProfile UP-TO-DATE
> Task :react-native-async-storage_async-storage:prepareReleaseArtProfile UP-TO-DATE
> Task :react-native-community_checkbox:prepareReleaseArtProfile UP-TO-DATE
> Task :react-native-community_datetimepicker:prepareReleaseArtProfile UP-TO-DATE
> Task :react-native-firebase_analytics:prepareReleaseArtProfile UP-TO-DATE
> Task :react-native-firebase_app:prepareReleaseArtProfile UP-TO-DATE
> Task :react-native-firebase_auth:prepareReleaseArtProfile UP-TO-DATE
> Task :react-native-firebase_firestore:prepareReleaseArtProfile UP-TO-DATE
> Task :react-native-gesture-handler:prepareReleaseArtProfile UP-TO-DATE
> Task :react-native-image-picker:prepareReleaseArtProfile UP-TO-DATE
> Task :react-native-picker_picker:prepareReleaseArtProfile UP-TO-DATE
> Task :react-native-linear-gradient:prepareReleaseArtProfile UP-TO-DATE
> Task :react-native-svg:prepareReleaseArtProfile UP-TO-DATE
> Task :react-native-safe-area-context:prepareReleaseArtProfile UP-TO-DATE
> Task :react-native-vector-icons:prepareReleaseArtProfile UP-TO-DATE
> Task :react-native-community_datetimepicker:bundleLibRuntimeToJarRelease UP-TO-DATE
> Task :lottie-react-native:bundleLibRuntimeToJarRelease UP-TO-DATE
> Task :react-native-async-storage_async-storage:bundleLibRuntimeToJarRelease UP-TO-DATE
> Task :react-native-safe-area-context:bundleLibRuntimeToJarRelease UP-TO-DATE
> Task :react-native-community_checkbox:bundleLibRuntimeToJarRelease UP-TO-DATE
> Task :react-native-firebase_analytics:bundleLibRuntimeToJarRelease UP-TO-DATE
> Task :react-native-firebase_auth:bundleLibRuntimeToJarRelease UP-TO-DATE
> Task :react-native-firebase_firestore:bundleLibRuntimeToJarRelease UP-TO-DATE
> Task :react-native-firebase_app:bundleLibRuntimeToJarRelease UP-TO-DATE
> Task :react-native-picker_picker:bundleLibRuntimeToJarRelease UP-TO-DATE
> Task :react-native-image-picker:bundleLibRuntimeToJarRelease UP-TO-DATE
> Task :react-native-linear-gradient:bundleLibRuntimeToJarRelease UP-TO-DATE
> Task :react-native-svg:bundleLibRuntimeToJarRelease UP-TO-DATE
> Task :react-native-vector-icons:bundleLibRuntimeToJarRelease UP-TO-DATE
> Task :expo:mergeReleaseShaders UP-TO-DATE
> Task :expo-constants:mergeReleaseShaders UP-TO-DATE
> Task :expo-constants:compileReleaseShaders NO-SOURCE
> Task :expo:compileReleaseShaders NO-SOURCE
> Task :expo-constants:generateReleaseAssets UP-TO-DATE
> Task :expo:generateReleaseAssets UP-TO-DATE
> Task :expo:mergeReleaseAssets UP-TO-DATE
> Task :expo-dev-client:mergeReleaseShaders UP-TO-DATE
> Task :expo-constants:mergeReleaseAssets UP-TO-DATE
> Task :expo-dev-client:compileReleaseShaders NO-SOURCE
> Task :expo-dev-client:generateReleaseAssets UP-TO-DATE
> Task :expo-dev-menu:mergeReleaseShaders UP-TO-DATE
> Task :expo-dev-menu:compileReleaseShaders NO-SOURCE
> Task :expo-dev-client:mergeReleaseAssets UP-TO-DATE
> Task :expo-dev-menu:generateReleaseAssets UP-TO-DATE
> Task :expo-dev-menu:mergeReleaseAssets UP-TO-DATE
> Task :expo-dev-menu-interface:mergeReleaseShaders UP-TO-DATE
> Task :expo-dev-menu-interface:compileReleaseShaders NO-SOURCE
> Task :expo-eas-client:mergeReleaseShaders UP-TO-DATE
> Task :expo-dev-menu-interface:generateReleaseAssets UP-TO-DATE
> Task :expo-eas-client:compileReleaseShaders NO-SOURCE
> Task :expo-eas-client:generateReleaseAssets UP-TO-DATE
> Task :expo-dev-menu-interface:mergeReleaseAssets UP-TO-DATE
> Task :expo-json-utils:mergeReleaseShaders UP-TO-DATE
> Task :expo-eas-client:mergeReleaseAssets UP-TO-DATE
> Task :expo-json-utils:compileReleaseShaders NO-SOURCE
> Task :expo-json-utils:generateReleaseAssets UP-TO-DATE
> Task :expo-manifests:mergeReleaseShaders UP-TO-DATE
> Task :expo-manifests:compileReleaseShaders NO-SOURCE
> Task :expo-manifests:generateReleaseAssets UP-TO-DATE
> Task :expo-json-utils:mergeReleaseAssets UP-TO-DATE
> Task :expo-manifests:mergeReleaseAssets UP-TO-DATE
> Task :expo-updates:mergeReleaseShaders UP-TO-DATE
> Task :expo-structured-headers:mergeReleaseShaders UP-TO-DATE
> Task :expo-updates:compileReleaseShaders NO-SOURCE
> Task :expo-updates:generateReleaseAssets UP-TO-DATE
> Task :expo-structured-headers:compileReleaseShaders NO-SOURCE
> Task :expo-structured-headers:generateReleaseAssets UP-TO-DATE
> Task :expo-structured-headers:mergeReleaseAssets UP-TO-DATE
> Task :expo-updates:mergeReleaseAssets UP-TO-DATE
> Task :expo-updates-interface:mergeReleaseShaders UP-TO-DATE
> Task :expo-updates-interface:compileReleaseShaders NO-SOURCE
> Task :expo-updates-interface:generateReleaseAssets UP-TO-DATE
> Task :expo-updates-interface:mergeReleaseAssets UP-TO-DATE
> Task :lottie-react-native:mergeReleaseShaders UP-TO-DATE
> Task :lottie-react-native:compileReleaseShaders NO-SOURCE
> Task :lottie-react-native:generateReleaseAssets UP-TO-DATE
> Task :react-native-async-storage_async-storage:mergeReleaseShaders UP-TO-DATE
> Task :lottie-react-native:mergeReleaseAssets UP-TO-DATE
> Task :react-native-async-storage_async-storage:compileReleaseShaders NO-SOURCE
> Task :react-native-async-storage_async-storage:generateReleaseAssets UP-TO-DATE
> Task :react-native-async-storage_async-storage:mergeReleaseAssets UP-TO-DATE
> Task :react-native-community_checkbox:mergeReleaseShaders UP-TO-DATE
> Task :react-native-community_checkbox:compileReleaseShaders NO-SOURCE
> Task :react-native-community_checkbox:generateReleaseAssets UP-TO-DATE
> Task :react-native-community_checkbox:mergeReleaseAssets UP-TO-DATE
> Task :react-native-community_datetimepicker:mergeReleaseShaders UP-TO-DATE
> Task :react-native-firebase_analytics:mergeReleaseShaders UP-TO-DATE
> Task :react-native-community_datetimepicker:compileReleaseShaders NO-SOURCE
> Task :react-native-community_datetimepicker:generateReleaseAssets UP-TO-DATE
> Task :react-native-firebase_analytics:compileReleaseShaders NO-SOURCE
> Task :react-native-firebase_analytics:generateReleaseAssets UP-TO-DATE
> Task :react-native-firebase_analytics:mergeReleaseAssets UP-TO-DATE
> Task :react-native-community_datetimepicker:mergeReleaseAssets UP-TO-DATE
> Task :react-native-firebase_app:mergeReleaseShaders UP-TO-DATE
> Task :react-native-firebase_auth:mergeReleaseShaders UP-TO-DATE
> Task :react-native-firebase_app:compileReleaseShaders NO-SOURCE
> Task :react-native-firebase_auth:compileReleaseShaders NO-SOURCE
> Task :react-native-firebase_auth:generateReleaseAssets UP-TO-DATE
> Task :react-native-firebase_app:generateReleaseAssets UP-TO-DATE
> Task :react-native-firebase_auth:mergeReleaseAssets UP-TO-DATE
> Task :react-native-firebase_app:mergeReleaseAssets UP-TO-DATE
> Task :react-native-firebase_firestore:mergeReleaseShaders UP-TO-DATE
> Task :react-native-firebase_firestore:compileReleaseShaders NO-SOURCE
> Task :react-native-firebase_firestore:generateReleaseAssets UP-TO-DATE
> Task :react-native-gesture-handler:mergeReleaseShaders UP-TO-DATE
> Task :react-native-gesture-handler:compileReleaseShaders NO-SOURCE
> Task :react-native-gesture-handler:generateReleaseAssets UP-TO-DATE
> Task :react-native-firebase_firestore:mergeReleaseAssets UP-TO-DATE
> Task :react-native-gesture-handler:mergeReleaseAssets UP-TO-DATE
> Task :react-native-image-picker:mergeReleaseShaders UP-TO-DATE
> Task :react-native-linear-gradient:mergeReleaseShaders UP-TO-DATE
> Task :react-native-image-picker:compileReleaseShaders NO-SOURCE
> Task :react-native-linear-gradient:compileReleaseShaders NO-SOURCE
> Task :react-native-image-picker:generateReleaseAssets UP-TO-DATE
> Task :react-native-linear-gradient:generateReleaseAssets UP-TO-DATE
> Task :react-native-image-picker:mergeReleaseAssets UP-TO-DATE
> Task :react-native-linear-gradient:mergeReleaseAssets UP-TO-DATE
> Task :react-native-safe-area-context:mergeReleaseShaders UP-TO-DATE
> Task :react-native-safe-area-context:compileReleaseShaders NO-SOURCE
> Task :react-native-safe-area-context:generateReleaseAssets UP-TO-DATE
> Task :react-native-picker_picker:mergeReleaseShaders UP-TO-DATE
> Task :react-native-safe-area-context:mergeReleaseAssets UP-TO-DATE
> Task :react-native-picker_picker:compileReleaseShaders NO-SOURCE
> Task :react-native-picker_picker:generateReleaseAssets UP-TO-DATE
> Task :react-native-svg:mergeReleaseShaders UP-TO-DATE
> Task :react-native-picker_picker:mergeReleaseAssets UP-TO-DATE
> Task :react-native-svg:compileReleaseShaders NO-SOURCE
> Task :react-native-svg:generateReleaseAssets UP-TO-DATE
> Task :react-native-vector-icons:mergeReleaseShaders UP-TO-DATE
> Task :react-native-vector-icons:compileReleaseShaders NO-SOURCE
> Task :react-native-vector-icons:generateReleaseAssets UP-TO-DATE
> Task :react-native-vector-icons:mergeReleaseAssets UP-TO-DATE
> Task :react-native-svg:mergeReleaseAssets UP-TO-DATE
> Task :expo:extractProguardFiles UP-TO-DATE
> Task :expo-constants:extractProguardFiles UP-TO-DATE
> Task :expo-dev-client:extractProguardFiles UP-TO-DATE
> Task :expo-constants:prepareLintJarForPublish UP-TO-DATE
> Task :expo-dev-menu:extractProguardFiles UP-TO-DATE
> Task :expo-dev-client:prepareLintJarForPublish UP-TO-DATE
> Task :expo-dev-menu-interface:extractProguardFiles UP-TO-DATE
> Task :expo-json-utils:extractProguardFiles UP-TO-DATE
> Task :expo-dev-menu-interface:prepareLintJarForPublish UP-TO-DATE
> Task :expo-json-utils:prepareLintJarForPublish UP-TO-DATE
> Task :expo-dev-menu:prepareLintJarForPublish UP-TO-DATE
> Task :expo-manifests:extractProguardFiles UP-TO-DATE
> Task :expo-updates-interface:extractProguardFiles UP-TO-DATE
> Task :expo-manifests:prepareLintJarForPublish UP-TO-DATE
> Task :expo-updates-interface:prepareLintJarForPublish UP-TO-DATE
> Task :expo-eas-client:extractProguardFiles UP-TO-DATE
> Task :expo-eas-client:prepareLintJarForPublish UP-TO-DATE
> Task :expo-updates:extractProguardFiles UP-TO-DATE
> Task :expo-structured-headers:extractProguardFiles UP-TO-DATE
> Task :expo-updates:prepareLintJarForPublish UP-TO-DATE
> Task :expo-structured-headers:prepareLintJarForPublish UP-TO-DATE
> Task :expo:prepareLintJarForPublish UP-TO-DATE
> Task :react-native-async-storage_async-storage:processReleaseJavaRes NO-SOURCE
> Task :lottie-react-native:processReleaseJavaRes UP-TO-DATE
> Task :react-native-async-storage_async-storage:createFullJarRelease UP-TO-DATE
> Task :lottie-react-native:createFullJarRelease UP-TO-DATE
> Task :react-native-async-storage_async-storage:extractProguardFiles UP-TO-DATE
> Task :lottie-react-native:extractProguardFiles UP-TO-DATE
> Task :expo-dev-launcher:dataBindingMergeDependencyArtifactsRelease UP-TO-DATE
> Task :expo-dev-launcher:generateReleaseResValues UP-TO-DATE
> Task :expo-dev-launcher:generateReleaseResources UP-TO-DATE
> Task :lottie-react-native:generateReleaseLintModel UP-TO-DATE
> Task :react-native-async-storage_async-storage:generateReleaseLintModel UP-TO-DATE
> Task :expo-dev-launcher:packageReleaseResources UP-TO-DATE
> Task :lottie-react-native:prepareLintJarForPublish UP-TO-DATE
> Task :react-native-async-storage_async-storage:prepareLintJarForPublish UP-TO-DATE
> Task :expo-dev-launcher:parseReleaseLocalResources UP-TO-DATE
> Task :react-native-community_checkbox:processReleaseJavaRes NO-SOURCE
> Task :react-native-community_checkbox:createFullJarRelease UP-TO-DATE
> Task :react-native-community_checkbox:extractProguardFiles UP-TO-DATE
> Task :react-native-community_checkbox:generateReleaseLintModel UP-TO-DATE
> Task :react-native-community_checkbox:prepareLintJarForPublish UP-TO-DATE
> Task :react-native-community_datetimepicker:processReleaseJavaRes UP-TO-DATE
> Task :react-native-community_datetimepicker:createFullJarRelease UP-TO-DATE
> Task :react-native-community_datetimepicker:extractProguardFiles UP-TO-DATE
> Task :app:buildKotlinToolingMetadata
> Task :app:checkKotlinGradlePluginConfigurationErrors SKIPPED
> Task :react-native-community_datetimepicker:generateReleaseLintModel UP-TO-DATE
> Task :react-native-community_datetimepicker:prepareLintJarForPublish UP-TO-DATE
> Task :react-native-firebase_analytics:processReleaseJavaRes NO-SOURCE
> Task :react-native-firebase_analytics:createFullJarRelease UP-TO-DATE
> Task :app:generateReleaseBuildConfig
> Task :react-native-firebase_analytics:extractProguardFiles UP-TO-DATE
> Task :react-native-firebase_app:processReleaseJavaRes NO-SOURCE
> Task :react-native-firebase_app:createFullJarRelease UP-TO-DATE
> Task :react-native-firebase_app:extractProguardFiles UP-TO-DATE
> Task :app:checkReleaseDuplicateClasses
> Task :react-native-firebase_analytics:prepareLintJarForPublish UP-TO-DATE
> Task :react-native-firebase_auth:processReleaseJavaRes NO-SOURCE
> Task :react-native-firebase_auth:createFullJarRelease UP-TO-DATE
> Task :react-native-firebase_auth:extractProguardFiles UP-TO-DATE
> Task :react-native-firebase_auth:prepareLintJarForPublish UP-TO-DATE
> Task :react-native-firebase_app:generateReleaseLintModel UP-TO-DATE
> Task :react-native-firebase_app:prepareLintJarForPublish UP-TO-DATE
> Task :react-native-firebase_firestore:processReleaseJavaRes NO-SOURCE
> Task :expo-dev-launcher:dataBindingGenBaseClassesRelease UP-TO-DATE
> Task :expo-dev-launcher:generateReleaseBuildConfig UP-TO-DATE
> Task :expo-dev-launcher:generateReleaseRFile UP-TO-DATE
> Task :expo-dev-launcher:checkApolloVersions UP-TO-DATE
> Task :expo-dev-launcher:generateServiceApolloOptions UP-TO-DATE
> Task :react-native-firebase_analytics:generateReleaseLintModel UP-TO-DATE
> Task :react-native-firebase_firestore:createFullJarRelease UP-TO-DATE
> Task :react-native-firebase_firestore:extractProguardFiles UP-TO-DATE
> Task :expo-dev-launcher:generateServiceApolloSources UP-TO-DATE
> Task :expo-dev-launcher:javaPreCompileRelease UP-TO-DATE
> Task :expo-dev-launcher:writeReleaseAarMetadata UP-TO-DATE
> Task :expo-dev-launcher:extractDeepLinksRelease UP-TO-DATE
> Task :expo-dev-launcher:processReleaseManifest UP-TO-DATE
> Task :expo-dev-launcher:compileReleaseLibraryResources UP-TO-DATE
> Task :expo-dev-launcher:prepareReleaseArtProfile UP-TO-DATE
> Task :expo-dev-launcher:mergeReleaseShaders UP-TO-DATE
> Task :expo-dev-launcher:compileReleaseShaders NO-SOURCE
> Task :expo-dev-launcher:generateReleaseAssets UP-TO-DATE
> Task :expo-dev-launcher:mergeReleaseAssets UP-TO-DATE
> Task :expo-dev-launcher:extractProguardFiles UP-TO-DATE
> Task :expo-dev-launcher:prepareLintJarForPublish UP-TO-DATE
> Task :react-native-gesture-handler:extractProguardFiles UP-TO-DATE
> Task :react-native-svg:processReleaseJavaRes NO-SOURCE
> Task :react-native-svg:createFullJarRelease UP-TO-DATE
> Task :react-native-svg:extractProguardFiles UP-TO-DATE
> Task :react-native-svg:generateReleaseLintModel UP-TO-DATE
> Task :react-native-svg:prepareLintJarForPublish UP-TO-DATE
> Task :react-native-gesture-handler:prepareLintJarForPublish UP-TO-DATE
> Task :react-native-image-picker:processReleaseJavaRes NO-SOURCE
> Task :react-native-image-picker:createFullJarRelease UP-TO-DATE
> Task :react-native-image-picker:extractProguardFiles UP-TO-DATE
> Task :react-native-image-picker:generateReleaseLintModel UP-TO-DATE
> Task :react-native-image-picker:prepareLintJarForPublish UP-TO-DATE
> Task :react-native-linear-gradient:processReleaseJavaRes NO-SOURCE
> Task :react-native-linear-gradient:createFullJarRelease UP-TO-DATE
> Task :react-native-linear-gradient:extractProguardFiles UP-TO-DATE
> Task :react-native-linear-gradient:generateReleaseLintModel UP-TO-DATE
> Task :react-native-linear-gradient:prepareLintJarForPublish UP-TO-DATE
> Task :react-native-picker_picker:processReleaseJavaRes NO-SOURCE
> Task :react-native-picker_picker:createFullJarRelease UP-TO-DATE
> Task :react-native-firebase_firestore:generateReleaseLintModel UP-TO-DATE
> Task :react-native-picker_picker:extractProguardFiles UP-TO-DATE
> Task :react-native-firebase_firestore:prepareLintJarForPublish UP-TO-DATE
> Task :react-native-firebase_auth:generateReleaseLintModel UP-TO-DATE
> Task :react-native-vector-icons:processReleaseJavaRes NO-SOURCE
> Task :react-native-vector-icons:createFullJarRelease UP-TO-DATE
> Task :react-native-safe-area-context:processReleaseJavaRes UP-TO-DATE
> Task :react-native-vector-icons:extractProguardFiles UP-TO-DATE
> Task :react-native-safe-area-context:createFullJarRelease UP-TO-DATE
> Task :react-native-safe-area-context:extractProguardFiles UP-TO-DATE
> Task :react-native-picker_picker:generateReleaseLintModel UP-TO-DATE
> Task :react-native-picker_picker:prepareLintJarForPublish UP-TO-DATE
> Task :react-native-community_datetimepicker:stripReleaseDebugSymbols NO-SOURCE
> Task :react-native-community_datetimepicker:copyReleaseJniLibsProjectAndLocalJars UP-TO-DATE
> Task :react-native-community_datetimepicker:extractDeepLinksForAarRelease UP-TO-DATE
> Task :react-native-safe-area-context:generateReleaseLintModel UP-TO-DATE
> Task :react-native-vector-icons:generateReleaseLintModel UP-TO-DATE
> Task :react-native-vector-icons:prepareLintJarForPublish UP-TO-DATE
> Task :react-native-safe-area-context:prepareLintJarForPublish UP-TO-DATE
> Task :lottie-react-native:stripReleaseDebugSymbols NO-SOURCE
> Task :react-native-gesture-handler:extractDeepLinksForAarRelease UP-TO-DATE
> Task :react-native-safe-area-context:stripReleaseDebugSymbols NO-SOURCE
> Task :lottie-react-native:copyReleaseJniLibsProjectAndLocalJars UP-TO-DATE
> Task :react-native-safe-area-context:copyReleaseJniLibsProjectAndLocalJars UP-TO-DATE
> Task :lottie-react-native:extractDeepLinksForAarRelease UP-TO-DATE
> Task :react-native-safe-area-context:extractDeepLinksForAarRelease UP-TO-DATE
> Task :react-native-community_datetimepicker:extractReleaseAnnotations UP-TO-DATE
> Task :lottie-react-native:extractReleaseAnnotations UP-TO-DATE
> Task :react-native-safe-area-context:extractReleaseAnnotations UP-TO-DATE
> Task :lottie-react-native:mergeReleaseGeneratedProguardFiles UP-TO-DATE
> Task :react-native-community_datetimepicker:mergeReleaseGeneratedProguardFiles UP-TO-DATE
> Task :react-native-safe-area-context:mergeReleaseGeneratedProguardFiles UP-TO-DATE
> Task :react-native-community_datetimepicker:mergeReleaseConsumerProguardFiles UP-TO-DATE
> Task :lottie-react-native:mergeReleaseConsumerProguardFiles UP-TO-DATE
> Task :react-native-safe-area-context:mergeReleaseConsumerProguardFiles UP-TO-DATE
> Task :lottie-react-native:mergeReleaseJavaResource UP-TO-DATE
> Task :react-native-safe-area-context:mergeReleaseJavaResource UP-TO-DATE
> Task :react-native-community_datetimepicker:mergeReleaseJavaResource UP-TO-DATE
> Task :react-native-safe-area-context:syncReleaseLibJars UP-TO-DATE
> Task :lottie-react-native:syncReleaseLibJars UP-TO-DATE
> Task :react-native-community_datetimepicker:syncReleaseLibJars UP-TO-DATE
> Task :react-native-safe-area-context:bundleReleaseLocalLintAar UP-TO-DATE
> Task :lottie-react-native:bundleReleaseLocalLintAar UP-TO-DATE
> Task :react-native-community_datetimepicker:bundleReleaseLocalLintAar UP-TO-DATE
> Task :react-native-async-storage_async-storage:stripReleaseDebugSymbols NO-SOURCE
> Task :react-native-async-storage_async-storage:copyReleaseJniLibsProjectAndLocalJars UP-TO-DATE
> Task :react-native-community_checkbox:stripReleaseDebugSymbols NO-SOURCE
> Task :react-native-async-storage_async-storage:extractDeepLinksForAarRelease UP-TO-DATE
> Task :react-native-firebase_analytics:stripReleaseDebugSymbols NO-SOURCE
> Task :react-native-community_checkbox:copyReleaseJniLibsProjectAndLocalJars UP-TO-DATE
> Task :react-native-firebase_analytics:copyReleaseJniLibsProjectAndLocalJars UP-TO-DATE
> Task :react-native-firebase_analytics:extractDeepLinksForAarRelease UP-TO-DATE
> Task :react-native-community_checkbox:extractDeepLinksForAarRelease UP-TO-DATE
> Task :react-native-async-storage_async-storage:extractReleaseAnnotations UP-TO-DATE
> Task :react-native-async-storage_async-storage:mergeReleaseGeneratedProguardFiles UP-TO-DATE
> Task :react-native-async-storage_async-storage:mergeReleaseConsumerProguardFiles UP-TO-DATE
> Task :react-native-community_checkbox:extractReleaseAnnotations UP-TO-DATE
> Task :react-native-community_checkbox:mergeReleaseGeneratedProguardFiles UP-TO-DATE
> Task :react-native-firebase_analytics:extractReleaseAnnotations UP-TO-DATE
> Task :react-native-async-storage_async-storage:mergeReleaseJavaResource UP-TO-DATE
> Task :react-native-community_checkbox:mergeReleaseConsumerProguardFiles UP-TO-DATE
> Task :react-native-firebase_analytics:mergeReleaseGeneratedProguardFiles UP-TO-DATE
> Task :react-native-firebase_analytics:mergeReleaseConsumerProguardFiles UP-TO-DATE
> Task :react-native-community_checkbox:mergeReleaseJavaResource UP-TO-DATE
> Task :react-native-async-storage_async-storage:syncReleaseLibJars UP-TO-DATE
> Task :react-native-async-storage_async-storage:bundleReleaseLocalLintAar UP-TO-DATE
> Task :react-native-firebase_analytics:mergeReleaseJavaResource UP-TO-DATE
> Task :react-native-community_checkbox:syncReleaseLibJars UP-TO-DATE
> Task :react-native-community_checkbox:bundleReleaseLocalLintAar UP-TO-DATE
> Task :react-native-firebase_analytics:syncReleaseLibJars UP-TO-DATE
> Task :react-native-firebase_analytics:bundleReleaseLocalLintAar UP-TO-DATE
> Task :react-native-firebase_auth:stripReleaseDebugSymbols NO-SOURCE
> Task :react-native-firebase_auth:copyReleaseJniLibsProjectAndLocalJars UP-TO-DATE
> Task :react-native-firebase_firestore:stripReleaseDebugSymbols NO-SOURCE
> Task :react-native-firebase_auth:extractDeepLinksForAarRelease UP-TO-DATE
> Task :react-native-firebase_firestore:copyReleaseJniLibsProjectAndLocalJars UP-TO-DATE
> Task :react-native-firebase_firestore:extractDeepLinksForAarRelease UP-TO-DATE
> Task :react-native-firebase_app:stripReleaseDebugSymbols NO-SOURCE
> Task :react-native-firebase_auth:extractReleaseAnnotations UP-TO-DATE
> Task :react-native-firebase_app:copyReleaseJniLibsProjectAndLocalJars UP-TO-DATE
> Task :react-native-firebase_auth:mergeReleaseGeneratedProguardFiles UP-TO-DATE
> Task :react-native-firebase_app:extractDeepLinksForAarRelease UP-TO-DATE
> Task :react-native-firebase_firestore:extractReleaseAnnotations UP-TO-DATE
> Task :react-native-firebase_auth:mergeReleaseConsumerProguardFiles UP-TO-DATE
> Task :react-native-firebase_firestore:mergeReleaseGeneratedProguardFiles UP-TO-DATE
> Task :react-native-firebase_app:extractReleaseAnnotations UP-TO-DATE
> Task :react-native-firebase_app:mergeReleaseGeneratedProguardFiles UP-TO-DATE
> Task :react-native-firebase_app:mergeReleaseConsumerProguardFiles UP-TO-DATE
> Task :react-native-firebase_firestore:mergeReleaseConsumerProguardFiles UP-TO-DATE
> Task :react-native-firebase_auth:mergeReleaseJavaResource UP-TO-DATE
> Task :react-native-firebase_app:mergeReleaseJavaResource UP-TO-DATE
> Task :react-native-firebase_auth:syncReleaseLibJars UP-TO-DATE
> Task :react-native-firebase_firestore:mergeReleaseJavaResource UP-TO-DATE
> Task :react-native-firebase_app:syncReleaseLibJars UP-TO-DATE
> Task :react-native-firebase_auth:bundleReleaseLocalLintAar UP-TO-DATE
> Task :react-native-firebase_firestore:syncReleaseLibJars UP-TO-DATE
> Task :react-native-firebase_firestore:bundleReleaseLocalLintAar UP-TO-DATE
> Task :react-native-firebase_app:bundleReleaseLocalLintAar UP-TO-DATE
> Task :react-native-picker_picker:stripReleaseDebugSymbols NO-SOURCE
> Task :react-native-picker_picker:copyReleaseJniLibsProjectAndLocalJars UP-TO-DATE
> Task :expo:stripReleaseDebugSymbols NO-SOURCE
> Task :react-native-picker_picker:extractDeepLinksForAarRelease UP-TO-DATE
> Task :expo:copyReleaseJniLibsProjectAndLocalJars UP-TO-DATE
> Task :react-native-image-picker:stripReleaseDebugSymbols NO-SOURCE
> Task :expo:extractDeepLinksForAarRelease UP-TO-DATE
> Task :react-native-linear-gradient:stripReleaseDebugSymbols NO-SOURCE
> Task :react-native-image-picker:copyReleaseJniLibsProjectAndLocalJars UP-TO-DATE
> Task :react-native-image-picker:extractDeepLinksForAarRelease UP-TO-DATE
> Task :react-native-picker_picker:extractReleaseAnnotations UP-TO-DATE
> Task :react-native-picker_picker:mergeReleaseGeneratedProguardFiles UP-TO-DATE
> Task :react-native-linear-gradient:copyReleaseJniLibsProjectAndLocalJars UP-TO-DATE
> Task :react-native-linear-gradient:extractDeepLinksForAarRelease UP-TO-DATE
> Task :react-native-picker_picker:mergeReleaseConsumerProguardFiles UP-TO-DATE
> Task :react-native-image-picker:extractReleaseAnnotations UP-TO-DATE
> Task :react-native-picker_picker:mergeReleaseJavaResource UP-TO-DATE
> Task :react-native-image-picker:mergeReleaseGeneratedProguardFiles UP-TO-DATE
> Task :react-native-picker_picker:syncReleaseLibJars UP-TO-DATE
> Task :react-native-image-picker:mergeReleaseConsumerProguardFiles UP-TO-DATE
> Task :react-native-linear-gradient:extractReleaseAnnotations UP-TO-DATE
> Task :react-native-picker_picker:bundleReleaseLocalLintAar UP-TO-DATE
> Task :react-native-image-picker:mergeReleaseJavaResource UP-TO-DATE
> Task :react-native-linear-gradient:mergeReleaseGeneratedProguardFiles UP-TO-DATE
> Task :react-native-image-picker:syncReleaseLibJars UP-TO-DATE
> Task :react-native-linear-gradient:mergeReleaseConsumerProguardFiles UP-TO-DATE
> Task :react-native-image-picker:bundleReleaseLocalLintAar UP-TO-DATE
> Task :react-native-linear-gradient:mergeReleaseJavaResource UP-TO-DATE
> Task :react-native-svg:stripReleaseDebugSymbols NO-SOURCE
> Task :react-native-svg:copyReleaseJniLibsProjectAndLocalJars UP-TO-DATE
> Task :react-native-svg:extractDeepLinksForAarRelease UP-TO-DATE
> Task :react-native-linear-gradient:syncReleaseLibJars UP-TO-DATE
> Task :react-native-vector-icons:stripReleaseDebugSymbols NO-SOURCE
> Task :react-native-linear-gradient:bundleReleaseLocalLintAar UP-TO-DATE
> Task :react-native-vector-icons:copyReleaseJniLibsProjectAndLocalJars UP-TO-DATE
> Task :react-native-vector-icons:extractDeepLinksForAarRelease UP-TO-DATE
> Task :react-native-svg:extractReleaseAnnotations UP-TO-DATE
> Task :expo-dev-launcher:stripReleaseDebugSymbols NO-SOURCE
> Task :react-native-svg:mergeReleaseGeneratedProguardFiles UP-TO-DATE
> Task :react-native-svg:mergeReleaseConsumerProguardFiles UP-TO-DATE
> Task :expo-dev-launcher:copyReleaseJniLibsProjectAndLocalJars UP-TO-DATE
> Task :react-native-vector-icons:extractReleaseAnnotations UP-TO-DATE
> Task :expo-dev-launcher:extractDeepLinksForAarRelease UP-TO-DATE
> Task :react-native-svg:mergeReleaseJavaResource UP-TO-DATE
> Task :expo-dev-menu:stripReleaseDebugSymbols NO-SOURCE
> Task :react-native-vector-icons:mergeReleaseGeneratedProguardFiles UP-TO-DATE
> Task :react-native-vector-icons:mergeReleaseConsumerProguardFiles UP-TO-DATE
> Task :expo-dev-menu:copyReleaseJniLibsProjectAndLocalJars UP-TO-DATE
> Task :react-native-svg:syncReleaseLibJars UP-TO-DATE
> Task :expo-dev-menu:extractDeepLinksForAarRelease UP-TO-DATE
> Task :expo-dev-menu-interface:stripReleaseDebugSymbols NO-SOURCE
> Task :react-native-svg:bundleReleaseLocalLintAar UP-TO-DATE
> Task :react-native-vector-icons:mergeReleaseJavaResource UP-TO-DATE
> Task :expo-dev-menu-interface:copyReleaseJniLibsProjectAndLocalJars UP-TO-DATE
> Task :react-native-vector-icons:syncReleaseLibJars UP-TO-DATE
> Task :expo-dev-menu-interface:extractDeepLinksForAarRelease UP-TO-DATE
> Task :react-native-vector-icons:bundleReleaseLocalLintAar UP-TO-DATE
> Task :expo-updates:stripReleaseDebugSymbols NO-SOURCE
> Task :expo-updates:copyReleaseJniLibsProjectAndLocalJars UP-TO-DATE
> Task :expo-updates:extractDeepLinksForAarRelease UP-TO-DATE
> Task :expo-structured-headers:stripReleaseDebugSymbols NO-SOURCE
> Task :expo-constants:stripReleaseDebugSymbols NO-SOURCE
> Task :expo-structured-headers:copyReleaseJniLibsProjectAndLocalJars UP-TO-DATE
> Task :expo-dev-client:stripReleaseDebugSymbols NO-SOURCE
> Task :expo-constants:copyReleaseJniLibsProjectAndLocalJars UP-TO-DATE
> Task :expo-structured-headers:extractDeepLinksForAarRelease UP-TO-DATE
> Task :expo-constants:extractDeepLinksForAarRelease UP-TO-DATE
> Task :expo-eas-client:stripReleaseDebugSymbols NO-SOURCE
> Task :expo-manifests:stripReleaseDebugSymbols NO-SOURCE
> Task :expo-manifests:copyReleaseJniLibsProjectAndLocalJars UP-TO-DATE
> Task :expo-dev-client:copyReleaseJniLibsProjectAndLocalJars UP-TO-DATE
> Task :expo-eas-client:copyReleaseJniLibsProjectAndLocalJars UP-TO-DATE
> Task :expo-eas-client:extractDeepLinksForAarRelease UP-TO-DATE
> Task :expo-manifests:extractDeepLinksForAarRelease UP-TO-DATE
> Task :expo-dev-client:extractDeepLinksForAarRelease UP-TO-DATE
> Task :expo-json-utils:stripReleaseDebugSymbols NO-SOURCE
> Task :expo-updates-interface:stripReleaseDebugSymbols NO-SOURCE
> Task :expo-json-utils:copyReleaseJniLibsProjectAndLocalJars UP-TO-DATE
> Task :expo-updates-interface:copyReleaseJniLibsProjectAndLocalJars UP-TO-DATE
> Task :expo-json-utils:extractDeepLinksForAarRelease UP-TO-DATE
> Task :expo-constants:writeReleaseLintModelMetadata UP-TO-DATE
> Task :expo-dev-client:writeReleaseLintModelMetadata UP-TO-DATE
> Task :expo-updates-interface:extractDeepLinksForAarRelease UP-TO-DATE
> Task :expo-dev-menu-interface:writeReleaseLintModelMetadata UP-TO-DATE
> Task :expo-dev-menu:writeReleaseLintModelMetadata UP-TO-DATE
> Task :expo-dev-launcher:writeReleaseLintModelMetadata UP-TO-DATE
> Task :expo-eas-client:writeReleaseLintModelMetadata UP-TO-DATE
> Task :expo-manifests:writeReleaseLintModelMetadata UP-TO-DATE
> Task :expo-structured-headers:writeReleaseLintModelMetadata UP-TO-DATE
> Task :expo-json-utils:writeReleaseLintModelMetadata UP-TO-DATE
> Task :expo-updates:writeReleaseLintModelMetadata UP-TO-DATE
> Task :expo-updates-interface:writeReleaseLintModelMetadata UP-TO-DATE
> Task :expo:writeReleaseLintModelMetadata UP-TO-DATE
> Task :react-native-community_checkbox:lintVitalAnalyzeRelease UP-TO-DATE
> Task :lottie-react-native:lintVitalAnalyzeRelease UP-TO-DATE
> Task :react-native-async-storage_async-storage:lintVitalAnalyzeRelease UP-TO-DATE
> Task :react-native-async-storage_async-storage:writeReleaseLintModelMetadata UP-TO-DATE
> Task :lottie-react-native:writeReleaseLintModelMetadata UP-TO-DATE
> Task :react-native-community_checkbox:writeReleaseLintModelMetadata UP-TO-DATE
> Task :react-native-firebase_analytics:writeReleaseLintModelMetadata UP-TO-DATE
> Task :react-native-firebase_app:writeReleaseLintModelMetadata UP-TO-DATE
> Task :react-native-community_datetimepicker:lintVitalAnalyzeRelease UP-TO-DATE
> Task :react-native-community_datetimepicker:writeReleaseLintModelMetadata UP-TO-DATE
> Task :react-native-firebase_app:lintVitalAnalyzeRelease UP-TO-DATE
> Task :react-native-firebase_analytics:lintVitalAnalyzeRelease UP-TO-DATE
> Task :react-native-svg:writeReleaseLintModelMetadata UP-TO-DATE
> Task :react-native-firebase_auth:lintVitalAnalyzeRelease UP-TO-DATE
> Task :react-native-gesture-handler:writeReleaseLintModelMetadata UP-TO-DATE
> Task :react-native-firebase_auth:writeReleaseLintModelMetadata UP-TO-DATE
> Task :react-native-firebase_firestore:lintVitalAnalyzeRelease UP-TO-DATE
> Task :react-native-firebase_firestore:writeReleaseLintModelMetadata UP-TO-DATE
> Task :react-native-image-picker:lintVitalAnalyzeRelease UP-TO-DATE
> Task :react-native-linear-gradient:lintVitalAnalyzeRelease UP-TO-DATE
> Task :react-native-linear-gradient:writeReleaseLintModelMetadata UP-TO-DATE
> Task :react-native-image-picker:writeReleaseLintModelMetadata UP-TO-DATE
> Task :react-native-picker_picker:lintVitalAnalyzeRelease UP-TO-DATE
> Task :react-native-safe-area-context:lintVitalAnalyzeRelease UP-TO-DATE
> Task :react-native-picker_picker:writeReleaseLintModelMetadata UP-TO-DATE
> Task :react-native-svg:lintVitalAnalyzeRelease UP-TO-DATE
> Task :react-native-safe-area-context:writeReleaseLintModelMetadata UP-TO-DATE
> Task :react-native-vector-icons:lintVitalAnalyzeRelease UP-TO-DATE
> Task :react-native-vector-icons:writeReleaseLintModelMetadata UP-TO-DATE
> Task :lottie-react-native:generateReleaseLintVitalModel UP-TO-DATE
> Task :react-native-async-storage_async-storage:generateReleaseLintVitalModel UP-TO-DATE
> Task :react-native-community_checkbox:generateReleaseLintVitalModel UP-TO-DATE
> Task :react-native-community_datetimepicker:generateReleaseLintVitalModel UP-TO-DATE
> Task :react-native-firebase_analytics:generateReleaseLintVitalModel UP-TO-DATE
> Task :react-native-firebase_app:generateReleaseLintVitalModel UP-TO-DATE
> Task :react-native-image-picker:generateReleaseLintVitalModel UP-TO-DATE
> Task :react-native-firebase_auth:generateReleaseLintVitalModel UP-TO-DATE
> Task :react-native-firebase_firestore:generateReleaseLintVitalModel UP-TO-DATE
> Task :react-native-safe-area-context:generateReleaseLintVitalModel UP-TO-DATE
> Task :react-native-linear-gradient:generateReleaseLintVitalModel UP-TO-DATE
> Task :react-native-picker_picker:generateReleaseLintVitalModel UP-TO-DATE
> Task :expo-constants:mapReleaseSourceSetPaths UP-TO-DATE
> Task :react-native-svg:generateReleaseLintVitalModel UP-TO-DATE
> Task :react-native-vector-icons:generateReleaseLintVitalModel UP-TO-DATE
> Task :expo-constants:mergeReleaseResources UP-TO-DATE
> Task :expo-constants:verifyReleaseResources UP-TO-DATE
> Task :expo-dev-client:mapReleaseSourceSetPaths UP-TO-DATE
> Task :expo-dev-client:mergeReleaseResources UP-TO-DATE
> Task :expo-dev-client:verifyReleaseResources UP-TO-DATE
> Task :expo-dev-menu-interface:mapReleaseSourceSetPaths UP-TO-DATE
> Task :expo-dev-menu:mapReleaseSourceSetPaths UP-TO-DATE
> Task :expo-dev-launcher:mapReleaseSourceSetPaths UP-TO-DATE
> Task :expo-dev-menu-interface:mergeReleaseResources UP-TO-DATE
> Task :expo-dev-launcher:mergeReleaseResources UP-TO-DATE
> Task :expo-dev-menu:mergeReleaseResources UP-TO-DATE
> Task :expo-dev-menu-interface:verifyReleaseResources UP-TO-DATE
> Task :expo-eas-client:mapReleaseSourceSetPaths UP-TO-DATE
> Task :expo-eas-client:mergeReleaseResources UP-TO-DATE
> Task :expo-eas-client:verifyReleaseResources UP-TO-DATE
> Task :expo-json-utils:mapReleaseSourceSetPaths UP-TO-DATE
> Task :expo-json-utils:mergeReleaseResources UP-TO-DATE
> Task :expo-json-utils:verifyReleaseResources UP-TO-DATE
> Task :expo-manifests:mapReleaseSourceSetPaths UP-TO-DATE
> Task :expo-manifests:mergeReleaseResources UP-TO-DATE
> Task :expo-manifests:verifyReleaseResources UP-TO-DATE

> Task :app:createBundleReleaseJsAndAssets
React Compiler enabled

> Task :expo-dev-launcher:verifyReleaseResources UP-TO-DATE
> Task :expo-dev-menu:verifyReleaseResources UP-TO-DATE
> Task :expo-updates-interface:mapReleaseSourceSetPaths UP-TO-DATE
> Task :expo-updates-interface:mergeReleaseResources UP-TO-DATE
> Task :expo-updates-interface:verifyReleaseResources UP-TO-DATE
> Task :lottie-react-native:bundleReleaseAar UP-TO-DATE
> Task :lottie-react-native:mapReleaseSourceSetPaths UP-TO-DATE
> Task :expo-updates:mapReleaseSourceSetPaths UP-TO-DATE
> Task :expo-structured-headers:mapReleaseSourceSetPaths UP-TO-DATE
> Task :expo-updates:mergeReleaseResources UP-TO-DATE
> Task :lottie-react-native:mergeReleaseResources UP-TO-DATE
> Task :expo-updates:verifyReleaseResources UP-TO-DATE
> Task :lottie-react-native:verifyReleaseResources UP-TO-DATE
> Task :lottie-react-native:assembleRelease UP-TO-DATE
> Task :react-native-async-storage_async-storage:bundleReleaseAar UP-TO-DATE
> Task :react-native-community_checkbox:bundleReleaseAar UP-TO-DATE
> Task :react-native-async-storage_async-storage:mapReleaseSourceSetPaths UP-TO-DATE
> Task :react-native-community_checkbox:mapReleaseSourceSetPaths UP-TO-DATE
> Task :expo-structured-headers:mergeReleaseResources UP-TO-DATE
> Task :react-native-async-storage_async-storage:mergeReleaseResources UP-TO-DATE
> Task :react-native-async-storage_async-storage:verifyReleaseResources UP-TO-DATE
> Task :react-native-async-storage_async-storage:assembleRelease UP-TO-DATE
> Task :react-native-community_checkbox:mergeReleaseResources UP-TO-DATE
> Task :react-native-community_datetimepicker:bundleReleaseAar UP-TO-DATE
> Task :react-native-community_checkbox:verifyReleaseResources UP-TO-DATE
> Task :react-native-community_checkbox:assembleRelease UP-TO-DATE
> Task :react-native-firebase_analytics:bundleReleaseAar UP-TO-DATE
> Task :expo-structured-headers:verifyReleaseResources UP-TO-DATE
> Task :react-native-community_datetimepicker:mapReleaseSourceSetPaths UP-TO-DATE
> Task :react-native-firebase_analytics:mapReleaseSourceSetPaths UP-TO-DATE
> Task :react-native-firebase_app:bundleReleaseAar UP-TO-DATE
> Task :react-native-firebase_app:mapReleaseSourceSetPaths UP-TO-DATE

> Task :app:createBundleReleaseJsAndAssets
Starting Metro Bundler

> Task :react-native-firebase_analytics:mergeReleaseResources UP-TO-DATE
> Task :react-native-firebase_app:mergeReleaseResources UP-TO-DATE
> Task :react-native-community_datetimepicker:mergeReleaseResources UP-TO-DATE
> Task :react-native-firebase_app:verifyReleaseResources UP-TO-DATE
> Task :react-native-firebase_app:assembleRelease UP-TO-DATE
> Task :react-native-firebase_auth:bundleReleaseAar UP-TO-DATE
> Task :react-native-firebase_auth:mapReleaseSourceSetPaths UP-TO-DATE
> Task :react-native-firebase_analytics:verifyReleaseResources UP-TO-DATE
> Task :react-native-firebase_analytics:assembleRelease UP-TO-DATE
> Task :react-native-firebase_firestore:bundleReleaseAar UP-TO-DATE
> Task :react-native-firebase_firestore:mapReleaseSourceSetPaths UP-TO-DATE
> Task :react-native-community_datetimepicker:verifyReleaseResources UP-TO-DATE
> Task :react-native-community_datetimepicker:assembleRelease UP-TO-DATE
> Task :react-native-image-picker:bundleReleaseAar UP-TO-DATE
> Task :react-native-firebase_auth:mergeReleaseResources UP-TO-DATE
> Task :react-native-image-picker:mapReleaseSourceSetPaths UP-TO-DATE
> Task :react-native-firebase_auth:verifyReleaseResources UP-TO-DATE
> Task :react-native-firebase_auth:assembleRelease UP-TO-DATE
> Task :react-native-linear-gradient:bundleReleaseAar UP-TO-DATE
> Task :react-native-firebase_firestore:mergeReleaseResources UP-TO-DATE
> Task :react-native-linear-gradient:mapReleaseSourceSetPaths UP-TO-DATE
> Task :react-native-firebase_firestore:verifyReleaseResources UP-TO-DATE
> Task :react-native-firebase_firestore:assembleRelease UP-TO-DATE
> Task :react-native-picker_picker:bundleReleaseAar UP-TO-DATE
> Task :react-native-picker_picker:mapReleaseSourceSetPaths UP-TO-DATE
> Task :react-native-image-picker:mergeReleaseResources UP-TO-DATE
> Task :react-native-image-picker:verifyReleaseResources UP-TO-DATE
> Task :react-native-image-picker:assembleRelease UP-TO-DATE
> Task :react-native-safe-area-context:bundleReleaseAar UP-TO-DATE
> Task :react-native-safe-area-context:mapReleaseSourceSetPaths UP-TO-DATE
> Task :react-native-linear-gradient:mergeReleaseResources UP-TO-DATE
> Task :react-native-linear-gradient:verifyReleaseResources UP-TO-DATE
> Task :react-native-linear-gradient:assembleRelease UP-TO-DATE
> Task :react-native-svg:bundleReleaseAar UP-TO-DATE
> Task :react-native-svg:mapReleaseSourceSetPaths UP-TO-DATE
> Task :react-native-picker_picker:mergeReleaseResources UP-TO-DATE
> Task :react-native-safe-area-context:mergeReleaseResources UP-TO-DATE
> Task :react-native-picker_picker:verifyReleaseResources UP-TO-DATE
> Task :react-native-picker_picker:assembleRelease UP-TO-DATE
> Task :react-native-vector-icons:bundleReleaseAar UP-TO-DATE
> Task :react-native-vector-icons:mapReleaseSourceSetPaths UP-TO-DATE
> Task :react-native-svg:mergeReleaseResources UP-TO-DATE
> Task :react-native-safe-area-context:verifyReleaseResources UP-TO-DATE
> Task :react-native-safe-area-context:assembleRelease UP-TO-DATE
> Task :react-native-svg:verifyReleaseResources UP-TO-DATE
> Task :react-native-svg:assembleRelease UP-TO-DATE
> Task :react-native-vector-icons:mergeReleaseResources UP-TO-DATE

> Task :app:createBundleReleaseJsAndAssets
warning: Bundler cache is empty, rebuilding (this may take a minute)

> Task :react-native-vector-icons:verifyReleaseResources UP-TO-DATE
> Task :react-native-vector-icons:assembleRelease UP-TO-DATE
> Task :expo-modules-core:buildCMakeRelWithDebInfo[arm64-v8a]
> Task :react-native-screens:buildCMakeRelWithDebInfo[arm64-v8a]
> Task :react-native-reanimated:configureCMakeRelWithDebInfo[arm64-v8a]
> Task :react-native-worklets:buildCMakeRelWithDebInfo[arm64-v8a][worklets]
> Task :react-native-screens:configureCMakeRelWithDebInfo[armeabi-v7a]

> Task :app:createBundleReleaseJsAndAssets
Android node_modules\expo-router\entry.js ░░░░░░░░░░░░░░░░  0.0% (0/1)
Android node_modules\expo-router\entry.js ▓▓░░░░░░░░░░░░░░ 16.0% ( 7/20)
Android node_modules\expo-router\entry.js ▓▓▓░░░░░░░░░░░░░ 21.0% (138/301)
Android node_modules\expo-router\entry.js ▓▓▓▓▓▓▓░░░░░░░░░ 43.8% (336/522)

> Task :expo-modules-core:configureCMakeRelWithDebInfo[armeabi-v7a]
> Task :react-native-screens:buildCMakeRelWithDebInfo[armeabi-v7a]

> Task :app:createBundleReleaseJsAndAssets
Android node_modules\expo-router\entry.js ▓▓▓▓▓▓▓░░░░░░░░░ 47.7% (465/673)

> Task :react-native-screens:configureCMakeRelWithDebInfo[x86]

> Task :app:createBundleReleaseJsAndAssets
Android node_modules\expo-router\entry.js ▓▓▓▓▓▓▓▓░░░░░░░░ 53.9% (566/771)
Android node_modules\expo-router\entry.js ▓▓▓▓▓▓▓▓▓░░░░░░░ 56.8% (588/780)
Android node_modules\expo-router\entry.js ▓▓▓▓▓▓▓▓▓░░░░░░░ 58.0% (595/781)
Android node_modules\expo-router\entry.js ▓▓▓▓▓▓▓▓▓▓▓░░░░░ 72.0% (671/791)

> Task :react-native-worklets:buildCMakeRelWithDebInfo[armeabi-v7a][worklets]
> Task :expo-modules-core:buildCMakeRelWithDebInfo[armeabi-v7a]
> Task :react-native-screens:buildCMakeRelWithDebInfo[x86]

> Task :app:createBundleReleaseJsAndAssets
Android node_modules\expo-router\entry.js ▓▓▓▓▓▓▓▓▓▓▓▓░░░░ 78.2% (723/823)
Android node_modules\expo-router\entry.js ▓▓▓▓▓▓▓▓▓▓▓▓░░░░ 78.2% (724/823)
Android node_modules\expo-router\entry.js ▓▓▓▓▓▓▓▓▓▓▓▓░░░░ 78.2% (725/823)
Android node_modules\expo-router\entry.js ▓▓▓▓▓▓▓▓▓▓▓▓░░░░ 78.9% (788/926)
Android node_modules\expo-router\entry.js ▓▓▓▓▓▓▓▓▓▓▓▓▓░░░ 83.3% (885/973)
Android node_modules\expo-router\entry.js ▓▓▓▓▓▓▓▓▓▓▓▓▓░░░ 83.7% (901/999)
Android node_modules\expo-router\entry.js ▓▓▓▓▓▓▓▓▓▓▓▓▓░░░ 83.7% ( 920/1028)
Android node_modules\expo-router\entry.js ▓▓▓▓▓▓▓▓▓▓▓▓▓░░░ 83.9% ( 963/1078)
Android node_modules\expo-router\entry.js ▓▓▓▓▓▓▓▓▓▓▓▓▓░░░ 83.9% ( 978/1167)
Android node_modules\expo-router\entry.js ▓▓▓▓▓▓▓▓▓▓▓▓▓░░░ 83.9% (1030/1184)
Android node_modules\expo-router\entry.js ▓▓▓▓▓▓▓▓▓▓▓▓▓░░░ 83.9% (1046/1190)
Android node_modules\expo-router\entry.js ▓▓▓▓▓▓▓▓▓▓▓▓▓░░░ 85.1% (1143/1241)
Android node_modules\expo-router\entry.js ▓▓▓▓▓▓▓▓▓▓▓▓▓▓░░ 89.2% (1175/1244)
Android node_modules\expo-router\entry.js ▓▓▓▓▓▓▓▓▓▓▓▓▓▓░░ 89.4% (1176/1244)
Android node_modules\expo-router\entry.js ▓▓▓▓▓▓▓▓▓▓▓▓▓▓░░ 89.4% (1176/1245)
Android node_modules\expo-router\entry.js ▓▓▓▓▓▓▓▓▓▓▓▓▓▓░░ 89.8% (1182/1252)
Android node_modules\expo-router\entry.js ▓▓▓▓▓▓▓▓▓▓▓▓▓▓░░ 91.9% (1279/1338)
Android node_modules\expo-router\entry.js ▓▓▓▓▓▓▓▓▓▓▓▓▓▓▓░ 99.9% (1493/1493)
Android Bundled 104196ms node_modules\expo-router\entry.js (1493 modules)
Android node_modules\expo-router\entry.js ▓▓▓▓▓▓▓▓▓▓▓▓▓▓▓░ 99.9% (1493/1493)
Writing bundle output to: android\app\build\generated\assets\createBundleReleaseJsAndAssets\index.android.bundle
Writing sourcemap output to: android\app\build\intermediates\sourcemaps\react\release\index.android.bundle.packager.map
Copying 45 asset files
Done writing bundle output
Done writing sourcemap output

> Task :app:generateReleaseResValues
> Task :app:processReleaseGoogleServices
> Task :app:generateReleaseResources
> Task :app:packageReleaseResources
> Task :app:createReleaseCompatibleScreenManifests
> Task :app:extractDeepLinksRelease
> Task :app:desugarReleaseFileDependencies
> Task :app:mergeReleaseStartupProfile
> Task :app:parseReleaseLocalResources
> Task :react-native-screens:configureCMakeRelWithDebInfo[x86_64]
> Task :app:javaPreCompileRelease
> Task :app:mergeReleaseShaders
> Task :app:compileReleaseShaders NO-SOURCE
> Task :react-native-worklets:buildCMakeRelWithDebInfo[x86][worklets]
> Task :app:mergeExtDexRelease
> Task :react-native-screens:buildCMakeRelWithDebInfo[x86_64]

> Task :app:createReleaseUpdatesResources
React Compiler enabled

> Task :expo-modules-core:configureCMakeRelWithDebInfo[x86]
> Task :react-native-screens:mergeReleaseJniLibFolders UP-TO-DATE
> Task :react-native-screens:mergeReleaseNativeLibs UP-TO-DATE
> Task :react-native-screens:copyReleaseJniLibsProjectOnly UP-TO-DATE
> Task :react-native-screens:checkKotlinGradlePluginConfigurationErrors SKIPPED
> Task :react-native-screens:generateReleaseBuildConfig UP-TO-DATE
> Task :react-native-screens:generateReleaseResValues UP-TO-DATE
> Task :react-native-screens:generateReleaseResources UP-TO-DATE
> Task :react-native-screens:packageReleaseResources UP-TO-DATE
> Task :react-native-screens:parseReleaseLocalResources UP-TO-DATE
> Task :react-native-screens:generateReleaseRFile UP-TO-DATE
> Task :react-native-screens:compileReleaseKotlin UP-TO-DATE
> Task :react-native-screens:javaPreCompileRelease UP-TO-DATE
> Task :react-native-screens:compileReleaseJavaWithJavac UP-TO-DATE
> Task :react-native-screens:bundleLibRuntimeToDirRelease UP-TO-DATE
> Task :react-native-screens:writeReleaseAarMetadata UP-TO-DATE
> Task :react-native-screens:extractDeepLinksRelease UP-TO-DATE
> Task :react-native-screens:processReleaseManifest UP-TO-DATE
> Task :react-native-screens:compileReleaseLibraryResources UP-TO-DATE
> Task :react-native-screens:bundleLibCompileToJarRelease UP-TO-DATE
> Task :react-native-screens:prepareReleaseArtProfile UP-TO-DATE
> Task :react-native-screens:bundleLibRuntimeToJarRelease UP-TO-DATE
> Task :react-native-screens:mergeReleaseShaders UP-TO-DATE
> Task :react-native-screens:compileReleaseShaders NO-SOURCE
> Task :react-native-screens:generateReleaseAssets UP-TO-DATE
> Task :react-native-screens:mergeReleaseAssets UP-TO-DATE
> Task :react-native-screens:processReleaseJavaRes UP-TO-DATE
> Task :react-native-screens:createFullJarRelease UP-TO-DATE
> Task :react-native-screens:extractProguardFiles UP-TO-DATE
> Task :react-native-screens:generateReleaseLintModel UP-TO-DATE
> Task :react-native-screens:prepareLintJarForPublish UP-TO-DATE
> Task :react-native-screens:stripReleaseDebugSymbols UP-TO-DATE
> Task :react-native-screens:copyReleaseJniLibsProjectAndLocalJars UP-TO-DATE
> Task :react-native-screens:extractDeepLinksForAarRelease UP-TO-DATE
> Task :react-native-screens:extractReleaseAnnotations UP-TO-DATE
> Task :react-native-screens:mergeReleaseGeneratedProguardFiles UP-TO-DATE
> Task :react-native-screens:mergeReleaseConsumerProguardFiles UP-TO-DATE
> Task :react-native-screens:mergeReleaseJavaResource UP-TO-DATE
> Task :react-native-screens:syncReleaseLibJars UP-TO-DATE
> Task :react-native-screens:bundleReleaseLocalLintAar UP-TO-DATE
> Task :react-native-screens:lintVitalAnalyzeRelease UP-TO-DATE
> Task :react-native-screens:writeReleaseLintModelMetadata UP-TO-DATE
> Task :react-native-screens:generateReleaseLintVitalModel UP-TO-DATE
> Task :react-native-screens:bundleReleaseAar UP-TO-DATE
> Task :react-native-screens:mapReleaseSourceSetPaths UP-TO-DATE
> Task :react-native-screens:mergeReleaseResources UP-TO-DATE
> Task :react-native-screens:verifyReleaseResources UP-TO-DATE
> Task :react-native-screens:assembleRelease UP-TO-DATE
> Task :app:generateReleaseAssets UP-TO-DATE
> Task :app:extractReleaseVersionControlInfo
> Task :app:extractProguardFiles
> Task :react-native-worklets:buildCMakeRelWithDebInfo[x86_64][worklets]
> Task :app:collectReleaseDependencies
> Task :app:sdkReleaseDependencyData
> Task :app:validateSigningRelease
> Task :app:writeReleaseAppMetadata
> Task :app:writeReleaseSigningConfigVersions
> Task :expo-modules-core:buildCMakeRelWithDebInfo[x86]
> Task :expo-modules-core:configureCMakeRelWithDebInfo[x86_64]
> Task :expo-modules-core:buildCMakeRelWithDebInfo[x86_64]
> Task :expo-modules-core:mergeReleaseJniLibFolders UP-TO-DATE
> Task :expo-modules-core:mergeReleaseNativeLibs UP-TO-DATE
> Task :expo-modules-core:copyReleaseJniLibsProjectOnly UP-TO-DATE
> Task :expo-modules-core:checkKotlinGradlePluginConfigurationErrors SKIPPED
> Task :expo-modules-core:generateReleaseBuildConfig UP-TO-DATE
> Task :expo-modules-core:generateReleaseResValues UP-TO-DATE
> Task :expo-modules-core:generateReleaseResources UP-TO-DATE
> Task :expo-modules-core:packageReleaseResources UP-TO-DATE
> Task :expo-modules-core:parseReleaseLocalResources UP-TO-DATE
> Task :expo-modules-core:generateReleaseRFile UP-TO-DATE
> Task :expo:mapReleaseSourceSetPaths UP-TO-DATE
> Task :expo-modules-core:compileReleaseKotlin UP-TO-DATE
> Task :expo-modules-core:javaPreCompileRelease UP-TO-DATE
> Task :expo:mergeReleaseResources UP-TO-DATE
> Task :expo-modules-core:compileReleaseJavaWithJavac UP-TO-DATE
> Task :expo-modules-core:bundleLibCompileToJarRelease UP-TO-DATE
> Task :expo-dev-client:compileReleaseKotlin NO-SOURCE
> Task :expo-dev-client:compileReleaseJavaWithJavac UP-TO-DATE
> Task :expo-dev-client:bundleLibCompileToJarRelease UP-TO-DATE
> Task :expo-structured-headers:compileReleaseKotlin NO-SOURCE
> Task :expo-eas-client:compileReleaseKotlin UP-TO-DATE
> Task :expo-updates-interface:compileReleaseKotlin UP-TO-DATE
> Task :expo-json-utils:compileReleaseKotlin UP-TO-DATE
> Task :expo-constants:compileReleaseKotlin UP-TO-DATE
> Task :expo-structured-headers:compileReleaseJavaWithJavac UP-TO-DATE
> Task :expo-dev-menu-interface:compileReleaseKotlin UP-TO-DATE
> Task :expo-structured-headers:bundleLibCompileToJarRelease UP-TO-DATE
> Task :expo-eas-client:compileReleaseJavaWithJavac UP-TO-DATE
> Task :expo-constants:compileReleaseJavaWithJavac UP-TO-DATE
> Task :expo-updates-interface:compileReleaseJavaWithJavac UP-TO-DATE
> Task :expo-json-utils:compileReleaseJavaWithJavac UP-TO-DATE
> Task :expo-updates-interface:bundleLibCompileToJarRelease UP-TO-DATE
> Task :expo-constants:bundleLibCompileToJarRelease UP-TO-DATE
> Task :expo-json-utils:bundleLibCompileToJarRelease UP-TO-DATE
> Task :expo-eas-client:bundleLibCompileToJarRelease UP-TO-DATE
> Task :expo-dev-menu-interface:compileReleaseJavaWithJavac UP-TO-DATE
> Task :expo-dev-client:bundleLibRuntimeToDirRelease UP-TO-DATE
> Task :expo-constants:bundleLibRuntimeToDirRelease UP-TO-DATE
> Task :expo-structured-headers:bundleLibRuntimeToDirRelease UP-TO-DATE
> Task :expo-dev-menu-interface:bundleLibCompileToJarRelease UP-TO-DATE
> Task :expo-dev-menu-interface:bundleLibRuntimeToDirRelease UP-TO-DATE
> Task :expo-updates-interface:bundleLibRuntimeToDirRelease UP-TO-DATE
> Task :expo-json-utils:bundleLibRuntimeToDirRelease UP-TO-DATE
> Task :expo-structured-headers:bundleLibRuntimeToJarRelease UP-TO-DATE
> Task :expo-dev-menu-interface:bundleLibRuntimeToJarRelease UP-TO-DATE
> Task :expo-manifests:compileReleaseKotlin UP-TO-DATE
> Task :expo-constants:bundleLibRuntimeToJarRelease UP-TO-DATE
> Task :expo-dev-client:bundleLibRuntimeToJarRelease UP-TO-DATE
> Task :expo-json-utils:bundleLibRuntimeToJarRelease UP-TO-DATE
> Task :expo-updates-interface:bundleLibRuntimeToJarRelease UP-TO-DATE
> Task :expo-constants:processReleaseJavaRes UP-TO-DATE
> Task :expo-constants:createFullJarRelease UP-TO-DATE
> Task :expo-modules-core:bundleLibRuntimeToDirRelease UP-TO-DATE
> Task :expo-modules-core:writeReleaseAarMetadata UP-TO-DATE
> Task :expo-eas-client:bundleLibRuntimeToDirRelease UP-TO-DATE
> Task :expo-manifests:compileReleaseJavaWithJavac UP-TO-DATE
> Task :expo-eas-client:bundleLibRuntimeToJarRelease UP-TO-DATE
> Task :expo-manifests:bundleLibCompileToJarRelease UP-TO-DATE
> Task :expo-modules-core:extractDeepLinksRelease UP-TO-DATE
> Task :expo-modules-core:processReleaseManifest UP-TO-DATE
> Task :expo-manifests:bundleLibRuntimeToDirRelease UP-TO-DATE
> Task :expo-modules-core:compileReleaseLibraryResources UP-TO-DATE
> Task :expo-modules-core:prepareReleaseArtProfile UP-TO-DATE
> Task :expo-dev-client:processReleaseJavaRes NO-SOURCE
> Task :expo-modules-core:bundleLibRuntimeToJarRelease UP-TO-DATE
> Task :expo-manifests:bundleLibRuntimeToJarRelease UP-TO-DATE
> Task :expo-dev-client:createFullJarRelease UP-TO-DATE
> Task :expo-dev-menu-interface:processReleaseJavaRes UP-TO-DATE
> Task :expo-dev-menu-interface:createFullJarRelease UP-TO-DATE
> Task :expo-manifests:processReleaseJavaRes UP-TO-DATE
> Task :expo-manifests:createFullJarRelease UP-TO-DATE
> Task :expo-json-utils:processReleaseJavaRes UP-TO-DATE
> Task :expo-json-utils:createFullJarRelease UP-TO-DATE
> Task :expo-updates-interface:processReleaseJavaRes UP-TO-DATE
> Task :expo-updates-interface:createFullJarRelease UP-TO-DATE
> Task :expo-eas-client:processReleaseJavaRes UP-TO-DATE
> Task :expo-eas-client:createFullJarRelease UP-TO-DATE
> Task :expo-structured-headers:processReleaseJavaRes NO-SOURCE
> Task :expo-structured-headers:createFullJarRelease UP-TO-DATE
> Task :expo-structured-headers:extractReleaseAnnotations UP-TO-DATE
> Task :expo-dev-menu-interface:extractReleaseAnnotations UP-TO-DATE
> Task :expo-structured-headers:mergeReleaseGeneratedProguardFiles UP-TO-DATE
> Task :expo-dev-menu-interface:mergeReleaseGeneratedProguardFiles UP-TO-DATE
> Task :expo-dev-menu-interface:mergeReleaseConsumerProguardFiles UP-TO-DATE
> Task :expo-structured-headers:mergeReleaseConsumerProguardFiles UP-TO-DATE
> Task :expo-structured-headers:mergeReleaseJavaResource UP-TO-DATE
> Task :expo-dev-menu-interface:mergeReleaseJavaResource UP-TO-DATE
> Task :expo-structured-headers:syncReleaseLibJars UP-TO-DATE
> Task :expo-dev-menu-interface:syncReleaseLibJars UP-TO-DATE
> Task :expo-structured-headers:bundleReleaseLocalLintAar UP-TO-DATE
> Task :expo-dev-menu-interface:bundleReleaseLocalLintAar UP-TO-DATE
> Task :expo-constants:extractReleaseAnnotations UP-TO-DATE
> Task :expo-modules-core:mergeReleaseShaders UP-TO-DATE
> Task :expo-constants:mergeReleaseGeneratedProguardFiles UP-TO-DATE
> Task :expo-constants:mergeReleaseConsumerProguardFiles UP-TO-DATE
> Task :expo-modules-core:compileReleaseShaders NO-SOURCE
> Task :expo-modules-core:generateReleaseAssets UP-TO-DATE
> Task :expo-dev-client:extractReleaseAnnotations UP-TO-DATE
> Task :expo-modules-core:mergeReleaseAssets UP-TO-DATE
> Task :expo-dev-client:mergeReleaseGeneratedProguardFiles UP-TO-DATE
> Task :expo-constants:mergeReleaseJavaResource UP-TO-DATE
> Task :expo-dev-client:mergeReleaseConsumerProguardFiles UP-TO-DATE
> Task :expo-constants:syncReleaseLibJars UP-TO-DATE
> Task :expo-dev-client:mergeReleaseJavaResource UP-TO-DATE
> Task :expo-constants:bundleReleaseLocalLintAar UP-TO-DATE
> Task :expo-eas-client:extractReleaseAnnotations UP-TO-DATE
> Task :expo-modules-core:processReleaseJavaRes UP-TO-DATE
> Task :expo-eas-client:mergeReleaseGeneratedProguardFiles UP-TO-DATE
> Task :expo-modules-core:createFullJarRelease UP-TO-DATE
> Task :expo-dev-client:syncReleaseLibJars UP-TO-DATE
> Task :expo-eas-client:mergeReleaseConsumerProguardFiles UP-TO-DATE
> Task :expo-modules-core:extractProguardFiles UP-TO-DATE
> Task :expo-dev-client:bundleReleaseLocalLintAar UP-TO-DATE
> Task :expo-eas-client:mergeReleaseJavaResource UP-TO-DATE
> Task :expo-eas-client:syncReleaseLibJars UP-TO-DATE
> Task :expo-manifests:extractReleaseAnnotations UP-TO-DATE
> Task :expo-eas-client:bundleReleaseLocalLintAar UP-TO-DATE
> Task :expo-manifests:mergeReleaseGeneratedProguardFiles UP-TO-DATE
> Task :expo-json-utils:extractReleaseAnnotations UP-TO-DATE
> Task :expo-manifests:mergeReleaseConsumerProguardFiles UP-TO-DATE
> Task :expo-json-utils:mergeReleaseGeneratedProguardFiles UP-TO-DATE
> Task :expo-modules-core:generateReleaseLintModel UP-TO-DATE
> Task :expo-manifests:mergeReleaseJavaResource UP-TO-DATE
> Task :expo-json-utils:mergeReleaseConsumerProguardFiles UP-TO-DATE
> Task :expo-modules-core:prepareLintJarForPublish UP-TO-DATE
> Task :expo-manifests:syncReleaseLibJars UP-TO-DATE
> Task :expo-constants:generateReleaseLintModel UP-TO-DATE
> Task :expo-json-utils:generateReleaseLintModel UP-TO-DATE
> Task :expo-dev-menu-interface:generateReleaseLintModel UP-TO-DATE
> Task :expo-manifests:generateReleaseLintModel UP-TO-DATE
> Task :expo-updates-interface:generateReleaseLintModel UP-TO-DATE
> Task :expo-modules-core:stripReleaseDebugSymbols UP-TO-DATE
> Task :expo-eas-client:generateReleaseLintModel UP-TO-DATE
> Task :expo-manifests:bundleReleaseLocalLintAar UP-TO-DATE
> Task :expo-modules-core:copyReleaseJniLibsProjectAndLocalJars UP-TO-DATE
> Task :expo-modules-core:extractDeepLinksForAarRelease UP-TO-DATE
> Task :expo-modules-core:extractReleaseAnnotations UP-TO-DATE
> Task :expo-json-utils:mergeReleaseJavaResource UP-TO-DATE
> Task :expo-modules-core:mergeReleaseGeneratedProguardFiles UP-TO-DATE
> Task :expo-json-utils:syncReleaseLibJars UP-TO-DATE
> Task :expo-modules-core:mergeReleaseConsumerProguardFiles UP-TO-DATE
> Task :expo-json-utils:bundleReleaseLocalLintAar UP-TO-DATE
> Task :expo-modules-core:mergeReleaseJavaResource UP-TO-DATE
> Task :expo-modules-core:syncReleaseLibJars UP-TO-DATE
> Task :expo-modules-core:bundleReleaseLocalLintAar UP-TO-DATE
> Task :expo-updates-interface:extractReleaseAnnotations UP-TO-DATE
> Task :expo-updates-interface:mergeReleaseGeneratedProguardFiles UP-TO-DATE
> Task :expo-updates-interface:mergeReleaseConsumerProguardFiles UP-TO-DATE
> Task :expo-updates-interface:mergeReleaseJavaResource UP-TO-DATE
> Task :expo-updates-interface:syncReleaseLibJars UP-TO-DATE
> Task :expo-modules-core:writeReleaseLintModelMetadata UP-TO-DATE
> Task :expo-updates-interface:bundleReleaseLocalLintAar UP-TO-DATE
> Task :expo-constants:lintVitalAnalyzeRelease UP-TO-DATE
> Task :expo-dev-menu-interface:lintVitalAnalyzeRelease UP-TO-DATE
> Task :expo-eas-client:lintVitalAnalyzeRelease UP-TO-DATE
> Task :expo-updates:kspReleaseKotlin UP-TO-DATE
> Task :expo-dev-client:generateReleaseLintModel UP-TO-DATE
> Task :expo-structured-headers:generateReleaseLintModel UP-TO-DATE
> Task :expo-manifests:lintVitalAnalyzeRelease UP-TO-DATE
> Task :expo-dev-client:lintVitalAnalyzeRelease UP-TO-DATE
> Task :expo-json-utils:lintVitalAnalyzeRelease UP-TO-DATE
> Task :expo-dev-menu:compileReleaseKotlin UP-TO-DATE
> Task :expo-constants:generateReleaseLintVitalModel UP-TO-DATE
> Task :expo-structured-headers:lintVitalAnalyzeRelease UP-TO-DATE
> Task :expo-modules-core:lintVitalAnalyzeRelease UP-TO-DATE
> Task :expo-updates-interface:lintVitalAnalyzeRelease UP-TO-DATE
> Task :expo-dev-client:generateReleaseLintVitalModel UP-TO-DATE
> Task :expo-eas-client:generateReleaseLintVitalModel UP-TO-DATE
> Task :expo-json-utils:generateReleaseLintVitalModel UP-TO-DATE
> Task :expo-dev-menu-interface:generateReleaseLintVitalModel UP-TO-DATE
> Task :expo-dev-menu:compileReleaseJavaWithJavac UP-TO-DATE
> Task :expo-manifests:generateReleaseLintVitalModel UP-TO-DATE
> Task :expo-dev-menu:bundleLibCompileToJarRelease UP-TO-DATE
> Task :expo-structured-headers:generateReleaseLintVitalModel UP-TO-DATE
> Task :expo-modules-core:generateReleaseLintVitalModel UP-TO-DATE
> Task :expo-updates-interface:generateReleaseLintVitalModel UP-TO-DATE
> Task :expo-dev-client:bundleReleaseAar UP-TO-DATE
> Task :expo-dev-client:assembleRelease UP-TO-DATE
> Task :expo-dev-menu-interface:bundleReleaseAar UP-TO-DATE
> Task :expo-dev-menu-interface:assembleRelease UP-TO-DATE
> Task :expo-eas-client:bundleReleaseAar UP-TO-DATE
> Task :expo-eas-client:assembleRelease UP-TO-DATE
> Task :expo-json-utils:bundleReleaseAar UP-TO-DATE
> Task :expo-json-utils:assembleRelease UP-TO-DATE
> Task :expo-constants:bundleReleaseAar UP-TO-DATE
> Task :expo-constants:assembleRelease UP-TO-DATE
> Task :expo-dev-menu:bundleLibRuntimeToDirRelease UP-TO-DATE
> Task :expo-manifests:bundleReleaseAar UP-TO-DATE
> Task :expo-manifests:assembleRelease UP-TO-DATE
> Task :expo-dev-menu:bundleLibRuntimeToJarRelease UP-TO-DATE
> Task :expo-modules-core:bundleReleaseAar UP-TO-DATE
> Task :expo-dev-menu:processReleaseJavaRes UP-TO-DATE
> Task :expo-updates:compileReleaseKotlin UP-TO-DATE
> Task :expo-dev-menu:createFullJarRelease UP-TO-DATE
> Task :expo-updates:compileReleaseJavaWithJavac UP-TO-DATE
> Task :expo-structured-headers:bundleReleaseAar UP-TO-DATE
> Task :expo-structured-headers:assembleRelease UP-TO-DATE
> Task :expo-updates:bundleLibCompileToJarRelease UP-TO-DATE
> Task :expo-modules-core:mapReleaseSourceSetPaths UP-TO-DATE
> Task :expo-updates-interface:bundleReleaseAar UP-TO-DATE
> Task :expo-updates-interface:assembleRelease UP-TO-DATE
> Task :expo-updates:bundleLibRuntimeToDirRelease UP-TO-DATE
> Task :expo-updates:bundleLibRuntimeToJarRelease UP-TO-DATE
> Task :expo-updates:processReleaseJavaRes UP-TO-DATE
> Task :expo-updates:createFullJarRelease UP-TO-DATE
> Task :expo-modules-core:mergeReleaseResources UP-TO-DATE
> Task :expo-modules-core:verifyReleaseResources UP-TO-DATE
> Task :expo-modules-core:assembleRelease UP-TO-DATE
> Task :expo-updates:generateReleaseLintModel UP-TO-DATE
> Task :expo-updates:extractReleaseAnnotations UP-TO-DATE
> Task :expo-updates:mergeReleaseGeneratedProguardFiles UP-TO-DATE
> Task :expo-updates:mergeReleaseConsumerProguardFiles UP-TO-DATE
> Task :expo-updates:mergeReleaseJavaResource UP-TO-DATE
> Task :expo:verifyReleaseResources UP-TO-DATE
> Task :expo-updates:syncReleaseLibJars UP-TO-DATE
> Task :expo-updates:bundleReleaseLocalLintAar UP-TO-DATE
> Task :expo-dev-menu:generateReleaseLintModel UP-TO-DATE
> Task :expo-dev-menu:extractReleaseAnnotations UP-TO-DATE
> Task :expo-dev-menu:mergeReleaseGeneratedProguardFiles UP-TO-DATE
> Task :expo-dev-menu:mergeReleaseConsumerProguardFiles UP-TO-DATE
> Task :expo-dev-menu:mergeReleaseJavaResource UP-TO-DATE
> Task :expo-dev-menu:syncReleaseLibJars UP-TO-DATE
> Task :expo-dev-menu:bundleReleaseLocalLintAar UP-TO-DATE
> Task :expo-dev-launcher:compileReleaseKotlin UP-TO-DATE
> Task :expo-dev-launcher:compileReleaseJavaWithJavac UP-TO-DATE
> Task :expo-updates:lintVitalAnalyzeRelease UP-TO-DATE
> Task :expo-dev-launcher:bundleLibCompileToJarRelease UP-TO-DATE
> Task :expo-updates:generateReleaseLintVitalModel UP-TO-DATE
> Task :expo-dev-menu:lintVitalAnalyzeRelease UP-TO-DATE
> Task :expo-updates:bundleReleaseAar UP-TO-DATE
> Task :expo-updates:assembleRelease UP-TO-DATE
> Task :expo-dev-launcher:bundleLibRuntimeToDirRelease UP-TO-DATE
> Task :expo-dev-menu:generateReleaseLintVitalModel UP-TO-DATE
> Task :expo-dev-launcher:bundleLibRuntimeToJarRelease UP-TO-DATE
> Task :expo-dev-menu:bundleReleaseAar UP-TO-DATE
> Task :expo-dev-menu:assembleRelease UP-TO-DATE
> Task :expo-dev-launcher:processReleaseJavaRes UP-TO-DATE
> Task :expo-dev-launcher:createFullJarRelease UP-TO-DATE
> Task :expo-dev-launcher:generateReleaseLintModel UP-TO-DATE
> Task :expo-dev-launcher:extractReleaseAnnotations UP-TO-DATE
> Task :expo-dev-launcher:mergeReleaseGeneratedProguardFiles UP-TO-DATE
> Task :expo-dev-launcher:mergeReleaseConsumerProguardFiles UP-TO-DATE
> Task :expo-dev-launcher:mergeReleaseJavaResource UP-TO-DATE
> Task :expo-dev-launcher:syncReleaseLibJars UP-TO-DATE
> Task :expo-dev-launcher:bundleReleaseLocalLintAar UP-TO-DATE
> Task :expo:compileReleaseKotlin UP-TO-DATE
> Task :expo-dev-launcher:lintVitalAnalyzeRelease UP-TO-DATE
> Task :expo:compileReleaseJavaWithJavac UP-TO-DATE
> Task :expo-dev-launcher:generateReleaseLintVitalModel UP-TO-DATE
> Task :expo:bundleLibRuntimeToDirRelease UP-TO-DATE
> Task :expo-dev-launcher:bundleReleaseAar UP-TO-DATE
> Task :expo-dev-launcher:assembleRelease UP-TO-DATE
> Task :expo:bundleLibCompileToJarRelease UP-TO-DATE
> Task :expo:bundleLibRuntimeToJarRelease UP-TO-DATE
> Task :expo:processReleaseJavaRes UP-TO-DATE
> Task :expo:createFullJarRelease UP-TO-DATE
> Task :expo:generateReleaseLintModel UP-TO-DATE
> Task :expo:extractReleaseAnnotations UP-TO-DATE
> Task :expo:mergeReleaseGeneratedProguardFiles UP-TO-DATE
> Task :expo:mergeReleaseConsumerProguardFiles UP-TO-DATE
> Task :expo:mergeReleaseJavaResource UP-TO-DATE
> Task :expo:syncReleaseLibJars UP-TO-DATE
> Task :expo:bundleReleaseLocalLintAar UP-TO-DATE
> Task :expo:lintVitalAnalyzeRelease UP-TO-DATE
> Task :expo:generateReleaseLintVitalModel UP-TO-DATE
> Task :expo:bundleReleaseAar UP-TO-DATE
> Task :expo:assembleRelease UP-TO-DATE
> Task :react-native-worklets:externalNativeBuildRelease
> Task :react-native-worklets:prefabReleasePackage UP-TO-DATE
> Task :react-native-worklets:mergeReleaseJniLibFolders UP-TO-DATE
> Task :react-native-worklets:mergeReleaseNativeLibs UP-TO-DATE
> Task :react-native-worklets:copyReleaseJniLibsProjectOnly UP-TO-DATE
> Task :react-native-worklets:generateReleaseBuildConfig UP-TO-DATE
> Task :react-native-worklets:generateReleaseResValues UP-TO-DATE
> Task :react-native-worklets:generateReleaseResources UP-TO-DATE
> Task :react-native-worklets:packageReleaseResources UP-TO-DATE
> Task :react-native-worklets:parseReleaseLocalResources UP-TO-DATE
> Task :react-native-worklets:generateReleaseRFile UP-TO-DATE
> Task :react-native-worklets:javaPreCompileRelease UP-TO-DATE
> Task :react-native-worklets:compileReleaseJavaWithJavac UP-TO-DATE
> Task :react-native-worklets:bundleLibCompileToJarRelease UP-TO-DATE
> Task :react-native-gesture-handler:mapReleaseSourceSetPaths UP-TO-DATE
> Task :react-native-worklets:bundleLibRuntimeToDirRelease UP-TO-DATE
> Task :app:mapReleaseSourceSetPaths
> Task :react-native-worklets:writeReleaseAarMetadata UP-TO-DATE
> Task :react-native-worklets:extractDeepLinksRelease UP-TO-DATE
> Task :react-native-worklets:processReleaseManifest UP-TO-DATE
> Task :react-native-worklets:compileReleaseLibraryResources UP-TO-DATE
> Task :react-native-worklets:prepareReleaseArtProfile UP-TO-DATE
> Task :react-native-worklets:bundleLibRuntimeToJarRelease UP-TO-DATE
> Task :react-native-worklets:mergeReleaseShaders UP-TO-DATE
> Task :react-native-reanimated:configureCMakeRelWithDebInfo[armeabi-v7a]
> Task :react-native-worklets:compileReleaseShaders NO-SOURCE
> Task :react-native-worklets:generateReleaseAssets UP-TO-DATE
> Task :react-native-worklets:mergeReleaseAssets UP-TO-DATE
> Task :react-native-worklets:processReleaseJavaRes NO-SOURCE
> Task :react-native-worklets:createFullJarRelease UP-TO-DATE
> Task :react-native-worklets:extractProguardFiles UP-TO-DATE
> Task :react-native-reanimated:configureCMakeRelWithDebInfo[x86]
> Task :react-native-worklets:generateReleaseLintModel UP-TO-DATE
> Task :react-native-worklets:prepareLintJarForPublish UP-TO-DATE
> Task :react-native-worklets:stripReleaseDebugSymbols UP-TO-DATE
> Task :react-native-worklets:copyReleaseJniLibsProjectAndLocalJars UP-TO-DATE
> Task :react-native-reanimated:configureCMakeRelWithDebInfo[x86_64]
> Task :react-native-reanimated:generateJsonModelRelease
> Task :react-native-reanimated:prefabReleaseConfigurePackage UP-TO-DATE
> Task :react-native-worklets:extractDeepLinksForAarRelease UP-TO-DATE
> Task :react-native-gesture-handler:mergeReleaseResources UP-TO-DATE
> Task :react-native-worklets:extractReleaseAnnotations UP-TO-DATE
> Task :react-native-worklets:mergeReleaseGeneratedProguardFiles UP-TO-DATE
> Task :react-native-worklets:mergeReleaseConsumerProguardFiles UP-TO-DATE
> Task :react-native-worklets:mergeReleaseJavaResource UP-TO-DATE
> Task :react-native-worklets:syncReleaseLibJars UP-TO-DATE
> Task :react-native-worklets:bundleReleaseLocalLintAar UP-TO-DATE
> Task :react-native-worklets:writeReleaseLintModelMetadata UP-TO-DATE
> Task :react-native-worklets:lintVitalAnalyzeRelease UP-TO-DATE
> Task :react-native-worklets:generateReleaseLintVitalModel UP-TO-DATE
> Task :react-native-worklets:bundleReleaseAar UP-TO-DATE
> Task :react-native-worklets:mapReleaseSourceSetPaths UP-TO-DATE
> Task :react-native-worklets:mergeReleaseResources UP-TO-DATE
> Task :react-native-worklets:verifyReleaseResources UP-TO-DATE
> Task :react-native-worklets:assembleRelease UP-TO-DATE
> Task :react-native-reanimated:buildCMakeRelWithDebInfo[arm64-v8a][reanimated]
> Task :app:mergeReleaseResources
> Task :react-native-reanimated:buildCMakeRelWithDebInfo[armeabi-v7a][reanimated]
> Task :react-native-reanimated:buildCMakeRelWithDebInfo[x86][reanimated]
> Task :react-native-reanimated:buildCMakeRelWithDebInfo[x86_64][reanimated]
> Task :react-native-reanimated:externalNativeBuildRelease
> Task :react-native-reanimated:prefabReleasePackage UP-TO-DATE
> Task :react-native-reanimated:mergeReleaseNativeLibs UP-TO-DATE
> Task :react-native-reanimated:copyReleaseJniLibsProjectOnly UP-TO-DATE
> Task :react-native-gesture-handler:configureCMakeRelWithDebInfo[arm64-v8a]
> Task :react-native-reanimated:compileReleaseJavaWithJavac UP-TO-DATE
> Task :react-native-reanimated:bundleLibCompileToJarRelease UP-TO-DATE
> Task :react-native-reanimated:bundleLibRuntimeToDirRelease UP-TO-DATE
> Task :app:configureCMakeRelWithDebInfo[arm64-v8a]
> Task :react-native-reanimated:writeReleaseAarMetadata UP-TO-DATE
> Task :react-native-gesture-handler:configureCMakeRelWithDebInfo[armeabi-v7a]
> Task :react-native-reanimated:extractDeepLinksRelease UP-TO-DATE
> Task :react-native-reanimated:processReleaseManifest UP-TO-DATE
> Task :react-native-reanimated:compileReleaseLibraryResources UP-TO-DATE
> Task :react-native-reanimated:prepareReleaseArtProfile UP-TO-DATE
> Task :react-native-reanimated:bundleLibRuntimeToJarRelease UP-TO-DATE
> Task :react-native-reanimated:mergeReleaseShaders UP-TO-DATE
> Task :react-native-reanimated:compileReleaseShaders NO-SOURCE
> Task :react-native-reanimated:generateReleaseAssets UP-TO-DATE
> Task :app:configureCMakeRelWithDebInfo[armeabi-v7a]
> Task :react-native-gesture-handler:configureCMakeRelWithDebInfo[x86]
> Task :react-native-reanimated:mergeReleaseAssets UP-TO-DATE
> Task :react-native-reanimated:processReleaseJavaRes NO-SOURCE
> Task :react-native-reanimated:createFullJarRelease UP-TO-DATE
> Task :react-native-reanimated:extractProguardFiles UP-TO-DATE
> Task :react-native-reanimated:generateReleaseLintModel UP-TO-DATE
> Task :react-native-reanimated:prepareLintJarForPublish UP-TO-DATE
> Task :react-native-reanimated:stripReleaseDebugSymbols UP-TO-DATE
> Task :react-native-reanimated:copyReleaseJniLibsProjectAndLocalJars UP-TO-DATE
> Task :react-native-reanimated:extractDeepLinksForAarRelease UP-TO-DATE
> Task :react-native-reanimated:extractReleaseAnnotations UP-TO-DATE
> Task :react-native-reanimated:mergeReleaseGeneratedProguardFiles UP-TO-DATE
> Task :react-native-reanimated:mergeReleaseConsumerProguardFiles UP-TO-DATE
> Task :react-native-reanimated:mergeReleaseJavaResource UP-TO-DATE
> Task :react-native-reanimated:syncReleaseLibJars UP-TO-DATE
> Task :react-native-reanimated:bundleReleaseLocalLintAar UP-TO-DATE
> Task :react-native-reanimated:writeReleaseLintModelMetadata UP-TO-DATE
> Task :react-native-reanimated:lintVitalAnalyzeRelease UP-TO-DATE
> Task :react-native-reanimated:generateReleaseLintVitalModel UP-TO-DATE
> Task :react-native-reanimated:bundleReleaseAar UP-TO-DATE
> Task :react-native-reanimated:mapReleaseSourceSetPaths UP-TO-DATE
> Task :react-native-reanimated:mergeReleaseResources UP-TO-DATE
> Task :react-native-reanimated:verifyReleaseResources UP-TO-DATE
> Task :react-native-reanimated:assembleRelease UP-TO-DATE
> Task :react-native-gesture-handler:buildCMakeRelWithDebInfo[arm64-v8a]
> Task :app:buildCMakeRelWithDebInfo[arm64-v8a]
> Task :react-native-gesture-handler:buildCMakeRelWithDebInfo[armeabi-v7a]
> Task :react-native-gesture-handler:buildCMakeRelWithDebInfo[x86]
> Task :app:buildCMakeRelWithDebInfo[armeabi-v7a]
> Task :react-native-gesture-handler:configureCMakeRelWithDebInfo[x86_64]
> Task :app:configureCMakeRelWithDebInfo[x86]
> Task :react-native-gesture-handler:buildCMakeRelWithDebInfo[x86_64]
> Task :react-native-gesture-handler:mergeReleaseNativeLibs UP-TO-DATE
> Task :react-native-gesture-handler:copyReleaseJniLibsProjectOnly UP-TO-DATE
> Task :react-native-gesture-handler:compileReleaseKotlin UP-TO-DATE
> Task :react-native-gesture-handler:compileReleaseJavaWithJavac UP-TO-DATE
> Task :react-native-gesture-handler:bundleLibRuntimeToDirRelease UP-TO-DATE
> Task :react-native-gesture-handler:bundleLibCompileToJarRelease UP-TO-DATE
> Task :react-native-gesture-handler:bundleLibRuntimeToJarRelease UP-TO-DATE
> Task :react-native-gesture-handler:processReleaseJavaRes UP-TO-DATE
> Task :react-native-gesture-handler:createFullJarRelease UP-TO-DATE
> Task :react-native-gesture-handler:generateReleaseLintModel UP-TO-DATE
> Task :react-native-gesture-handler:stripReleaseDebugSymbols UP-TO-DATE
> Task :react-native-gesture-handler:copyReleaseJniLibsProjectAndLocalJars UP-TO-DATE
> Task :react-native-gesture-handler:extractReleaseAnnotations UP-TO-DATE
> Task :react-native-gesture-handler:mergeReleaseGeneratedProguardFiles UP-TO-DATE
> Task :react-native-gesture-handler:mergeReleaseConsumerProguardFiles UP-TO-DATE
> Task :react-native-gesture-handler:mergeReleaseJavaResource UP-TO-DATE
> Task :react-native-gesture-handler:syncReleaseLibJars UP-TO-DATE
> Task :react-native-gesture-handler:bundleReleaseLocalLintAar UP-TO-DATE
> Task :react-native-gesture-handler:lintVitalAnalyzeRelease UP-TO-DATE
> Task :react-native-gesture-handler:generateReleaseLintVitalModel UP-TO-DATE
> Task :react-native-gesture-handler:bundleReleaseAar UP-TO-DATE
> Task :react-native-gesture-handler:verifyReleaseResources UP-TO-DATE
> Task :react-native-gesture-handler:assembleRelease UP-TO-DATE
> Task :app:buildCMakeRelWithDebInfo[x86]
> Task :app:configureCMakeRelWithDebInfo[x86_64]
> Task :app:buildCMakeRelWithDebInfo[x86_64]
> Task :app:checkReleaseAarMetadata

> Task :app:processReleaseMainManifest
D:\edunex\android\app\src\main\AndroidManifest.xml Warning:
	activity#expo.modules.imagepicker.ExpoCropImageActivity@android:exported was tagged at AndroidManifest.xml:0 to replace other declarations but no other declaration present
D:\edunex\android\app\src\main\AndroidManifest.xml Warning:
	provider#expo.modules.filesystem.FileSystemFileProvider@android:authorities was tagged at AndroidManifest.xml:0 to replace other declarations but no other declaration present

> Task :app:processReleaseManifest
> Task :app:mergeReleaseArtProfile
> Task :app:mergeReleaseAssets
> Task :app:processReleaseManifestForPackage
> Task :app:compressReleaseAssets
> Task :app:processReleaseResources
> Task :app:optimizeReleaseResources

> Task :app:compileReleaseKotlin
w: file:///D:/edunex/android/app/src/main/java/com/bkmsb/EduNex/MainApplication.kt:9:8 'class ReactNativeHost : Any' is deprecated. Deprecated in Java.
w: file:///D:/edunex/android/app/src/main/java/com/bkmsb/EduNex/MainApplication.kt:21:16 This declaration overrides a deprecated member but is not marked as deprecated itself. Add the '@Deprecated' annotation or suppress the diagnostic.
w: file:///D:/edunex/android/app/src/main/java/com/bkmsb/EduNex/MainApplication.kt:21:33 'class ReactNativeHost : Any' is deprecated. Deprecated in Java.

> Task :app:compileReleaseJavaWithJavac
> Task :app:dexBuilderRelease
> Task :app:mergeReleaseNativeLibs
> Task :app:mergeReleaseGlobalSynthetics
> Task :app:generateReleaseLintVitalReportModel
> Task :app:processReleaseJavaRes
> Task :app:stripReleaseDebugSymbols
> Task :app:extractReleaseNativeSymbolTables
> Task :app:mergeReleaseNativeDebugMetadata
> Task :app:mergeReleaseJavaResource
> Task :app:mergeDexRelease
> Task :app:compileReleaseArtProfile
> Task :app:lintVitalAnalyzeRelease
> Task :app:lintVitalReportRelease
> Task :app:lintVitalRelease
> Task :app:packageRelease
> Task :app:createReleaseApkListingFileRedirect
> Task :app:assembleRelease
w: Detected multiple Kotlin daemon sessions at 

[Incubating] Problems report is available at: file:///D:/edunex/android/build/reports/problems/problems-report.html

Deprecated Gradle features were used in this build, making it incompatible with Gradle 9.0.

You can use '--warning-mode all' to show the individual deprecation warnings and determine if they come from your own scripts or plugins.

For more on this, please refer to https://docs.gradle.org/8.14.3/userguide/command_line_interface.html#sec:command_line_warnings in the Gradle documentation.

BUILD SUCCESSFUL in 15m 34s
1433 actionable tasks: 107 executed, 1326 up-to-date
Finished at 27-08-2026 17:18:45.21 Status=0 
